2025-10-10T23:59:15.381511,22.983,False,False,True,False,WAITING_FOR_EV_CREDIT_PERIOD,off_peak,10.06,False,winter,False
2025-10-10T23:59:45.390983,22.680,False,False,True,False,WAITING_FOR_EV_CREDIT_PERIOD,off_peak,10.06,False,winter,False
2025-10-11T00:00:15.403205,22.676,True,False,True,False,EV_CREDIT_PRIORITY,off_peak_weekend_with_ev_credit,8.56,True,winter,True
2025-10-11T00:00:45.413016,22.985,True,False,True,False,EV_CREDIT_PRIORITY,off_peak_weekend_with_ev_credit,8.56,True,winter,True
2025-10-11T00:01:15.417760,23.013,True,False,True,False,EV_CREDIT_PRIORITY,off_peak_weekend_with_ev_credit,8.56,True,winter,True
2025-10-11T00:01:45.428236,22.613,True,False,True,False,EV_CREDIT_PRIORITY,off_peak_weekend_with_ev_credit,8.56,True,winter,True
2025-10-11T00:02:15.439504,22.583,True,False,True,False,EV_CREDIT_PRIORITY,off_peak_weekend_with_ev_credit,8.56,True,winter,True
2025-10-11T00:02:45.449200,23.016,True,False,True,False,EV_CREDIT_PRIORITY,off_peak_weekend_with_ev_credit,8.56,True,winter,True
2025-10-11T00:03:15.453458,23.032,True,False,True,False,EV_CREDIT_PRIORITY,off_peak_weekend_with_ev_credit,8.56,True,winter,True
2025-10-11T00:03:45.463810,23.045,True,False,True,False,EV_CREDIT_PRIORITY,off_peak_weekend_with_ev_credit,8.56,True,winter,True
2025-10-11T00:04:15.467180,23.051,True,False,True,False,EV_CREDIT_PRIORITY,off_peak_weekend_with_ev_credit,8.56,True,winter,True
2025-10-11T00:04:45.472803,23.063,True,False,True,False,EV_CREDIT_PRIORITY,off_peak_weekend_with_ev_credit,8.56,True,winter,True
2025-10-11T00:05:15.477801,23.077,True,False,True,False,EV_CREDIT_PRIORITY,off_peak_weekend_with_ev_credit,8.56,True,winter,True
2025-10-11T00:05:45.487563,23.089,True,False,True,False,EV_CREDIT_PRIORITY,off_peak_weekend_with_ev_credit,8.56,True,winter,True
2025-10-11T00:06:15.490911,23.090,True,False,True,False,EV_CREDIT_PRIORITY,off_peak_weekend_with_ev_credit,8.56,True,winter,True
2025-10-11T00:06:45.495793,23.100,True,False,True,False,EV_CREDIT_PRIORITY,off_peak_weekend_with_ev_credit,8.56,True,winter,True
2025-10-11T00:07:15.501278,23.104,True,False,True,False,EV_CREDIT_PRIORITY,off_peak_weekend_with_ev_credit,8.56,True,winter,True
2025-10-11T00:07:45.513398,23.112,True,False,True,False,EV_CREDIT_PRIORITY,off_peak_weekend_with_ev_credit,8.56,True,winter,True
2025-10-11T00:08:15.517456,23.117,True,False,True,False,EV_CREDIT_PRIORITY,off_peak_weekend_with_ev_credit,8.56,True,winter,True
2025-10-11T00:08:45.527998,23.123,True,False,True,False,EV_CREDIT_PRIORITY,off_peak_weekend_with_ev_credit,8.56,True,winter,True
2025-10-11T00:09:15.537725,23.135,True,False,True,False,EV_CREDIT_PRIORITY,off_peak_weekend_with_ev_credit,8.56,True,winter,True
2025-10-11T00:09:45.549668,23.134,True,False,True,False,EV_CREDIT_PRIORITY,off_peak_weekend_with_ev_credit,8.56,True,winter,True
2025-10-11T00:10:15.554626,23.136,True,False,True,False,EV_CREDIT_PRIORITY,off_peak_weekend_with_ev_credit,8.56,True,winter,True
2025-10-11T00:10:45.565862,23.139,True,False,True,False,EV_CREDIT_PRIORITY,off_peak_weekend_with_ev_credit,8.56,True,winter,True
2025-10-11T00:11:15.575846,23.148,True,False,True,False,EV_CREDIT_PRIORITY,off_peak_weekend_with_ev_credit,8.56,True,winter,True
2025-10-11T00:11:45.585458,23.148,True,False,True,False,EV_CREDIT_PRIORITY,off_peak_weekend_with_ev_credit,8.56,True,winter,True
2025-10-11T00:12:15.589498,23.156,True,False,True,False,EV_CREDIT_PRIORITY,off_peak_weekend_with_ev_credit,8.56,True,winter,True
2025-10-11T00:12:45.599805,23.156,True,False,True,False,EV_CREDIT_PRIORITY,off_peak_weekend_with_ev_credit,8.56,True,winter,True
2025-10-11T00:13:15.603185,23.170,True,False,True,False,EV_CREDIT_PRIORITY,off_peak_weekend_with_ev_credit,8.56,True,winter,True
2025-10-11T00:13:45.608178,23.169,True,False,True,False,EV_CREDIT_PRIORITY,off_peak_weekend_with_ev_credit,8.56,True,winter,True
2025-10-11T00:14:15.613270,23.173,True,False,True,False,EV_CREDIT_PRIORITY,off_peak_weekend_with_ev_credit,8.56,True,winter,True
2025-10-11T00:14:45.624500,23.177,True,False,True,False,EV_CREDIT_PRIORITY,off_peak_weekend_with_ev_credit,8.56,True,winter,True
2025-10-11T00:15:15.629783,23.179,True,False,True,False,EV_CREDIT_PRIORITY,off_peak_weekend_with_ev_credit,8.56,True,winter,True
2025-10-11T00:15:45.635101,23.185,True,False,True,False,EV_CREDIT_PRIORITY,off_peak_weekend_with_ev_credit,8.56,True,winter,True
2025-10-11T00:16:15.640073,23.185,True,False,True,False,EV_CREDIT_PRIORITY,off_peak_weekend_with_ev_credit,8.56,True,winter,True
2025-10-11T00:16:45.652885,23.195,True,False,True,False,EV_CREDIT_PRIORITY,off_peak_weekend_with_ev_credit,8.56,True,winter,True
2025-10-11T00:17:15.657531,23.196,True,False,True,False,EV_CREDIT_PRIORITY,off_peak_weekend_with_ev_credit,8.56,True,winter,True
2025-10-11T00:17:45.667832,23.201,True,False,True,False,EV_CREDIT_PRIORITY,off_peak_weekend_with_ev_credit,8.56,True,winter,True
2025-10-11T00:18:15.677886,23.204,True,False,True,False,EV_CREDIT_PRIORITY,off_peak_weekend_with_ev_credit,8.56,True,winter,True
2025-10-11T00:18:45.689277,23.209,True,False,True,False,EV_CREDIT_PRIORITY,off_peak_weekend_with_ev_credit,8.56,True,winter,True
2025-10-11T00:19:15.694106,23.208,True,False,True,False,EV_CREDIT_PRIORITY,off_peak_weekend_with_ev_credit,8.56,True,winter,True
2025-10-11T00:19:45.704486,23.217,True,False,True,False,EV_CREDIT_PRIORITY,off_peak_weekend_with_ev_credit,8.56,True,winter,True
2025-10-11T00:20:15.716231,23.223,True,False,True,False,EV_CREDIT_PRIORITY,off_peak_weekend_with_ev_credit,8.56,True,winter,True
2025-10-11T00:20:45.726706,23.228,True,False,True,False,EV_CREDIT_PRIORITY,off_peak_weekend_with_ev_credit,8.56,True,winter,True
2025-10-11T00:21:15.736463,23.227,True,False,True,False,EV_CREDIT_PRIORITY,off_peak_weekend_with_ev_credit,8.56,True,winter,True
2025-10-11T00:21:45.742150,23.235,True,False,True,False,EV_CREDIT_PRIORITY,off_peak_weekend_with_ev_credit,8.56,True,winter,True
2025-10-11T00:22:15.753425,23.239,True,False,True,False,EV_CREDIT_PRIORITY,off_peak_weekend_with_ev_credit,8.56,True,winter,True
2025-10-11T00:22:45.764178,23.240,True,False,True,False,EV_CREDIT_PRIORITY,off_peak_weekend_with_ev_credit,8.56,True,winter,True
2025-10-11T00:23:15.775414,23.239,True,False,True,False,EV_CREDIT_PRIORITY,off_peak_weekend_with_ev_credit,8.56,True,winter,True
2025-10-11T00:23:45.780477,23.250,True,False,True,False,EV_CREDIT_PRIORITY,off_peak_weekend_with_ev_credit,8.56,True,winter,True
2025-10-11T00:24:15.791639,23.251,True,False,True,False,EV_CREDIT_PRIORITY,off_peak_weekend_with_ev_credit,8.56,True,winter,True
2025-10-11T00:24:45.801810,23.253,True,False,True,False,EV_CREDIT_PRIORITY,off_peak_weekend_with_ev_credit,8.56,True,winter,True
2025-10-11T00:25:15.813082,23.264,True,False,True,False,EV_CREDIT_PRIORITY,off_peak_weekend_with_ev_credit,8.56,True,winter,True
2025-10-11T00:25:45.823782,23.263,True,False,True,False,EV_CREDIT_PRIORITY,off_peak_weekend_with_ev_credit,8.56,True,winter,True
2025-10-11T00:26:15.827188,23.271,True,False,True,False,EV_CREDIT_PRIORITY,off_peak_weekend_with_ev_credit,8.56,True,winter,True
2025-10-11T00:26:45.837640,23.271,True,False,True,False,EV_CREDIT_PRIORITY,off_peak_weekend_with_ev_credit,8.56,True,winter,True
2025-10-11T00:27:15.847270,23.281,True,False,True,False,EV_CREDIT_PRIORITY,off_peak_weekend_with_ev_credit,8.56,True,winter,True
2025-10-11T00:27:45.856970,23.282,True,False,True,False,EV_CREDIT_PRIORITY,off_peak_weekend_with_ev_credit,8.56,True,winter,True
2025-10-11T00:28:15.861747,23.283,True,False,True,False,EV_CREDIT_PRIORITY,off_peak_weekend_with_ev_credit,8.56,True,winter,True
2025-10-11T00:28:45.873086,23.285,True,False,True,False,EV_CREDIT_PRIORITY,off_peak_weekend_with_ev_credit,8.56,True,winter,True
2025-10-11T00:29:15.883758,23.289,True,False,True,False,EV_CREDIT_PRIORITY,off_peak_weekend_with_ev_credit,8.56,True,winter,True
2025-10-11T00:29:45.894049,23.290,True,False,True,False,EV_CREDIT_PRIORITY,off_peak_weekend_with_ev_credit,8.56,True,winter,True
2025-10-11T00:30:15.903678,23.296,True,False,True,False,EV_CREDIT_PRIORITY,off_peak_weekend_with_ev_credit,8.56,True,winter,True
2025-10-11T00:30:45.907132,23.293,True,False,True,False,EV_CREDIT_PRIORITY,off_peak_weekend_with_ev_credit,8.56,True,winter,True
2025-10-11T00:31:15.918348,23.302,True,False,True,False,EV_CREDIT_PRIORITY,off_peak_weekend_with_ev_credit,8.56,True,winter,True
2025-10-11T00:31:45.928001,23.305,True,False,True,False,EV_CREDIT_PRIORITY,off_peak_weekend_with_ev_credit,8.56,True,winter,True
2025-10-11T00:32:15.938025,23.309,True,False,True,False,EV_CREDIT_PRIORITY,off_peak_weekend_with_ev_credit,8.56,True,winter,True
2025-10-11T00:32:45.941461,23.317,True,False,True,False,EV_CREDIT_PRIORITY,off_peak_weekend_with_ev_credit,8.56,True,winter,True
2025-10-11T00:33:15.952233,23.311,True,False,True,False,EV_CREDIT_PRIORITY,off_peak_weekend_with_ev_credit,8.56,True,winter,True
2025-10-11T00:33:45.963514,23.319,True,False,True,False,EV_CREDIT_PRIORITY,off_peak_weekend_with_ev_credit,8.56,True,winter,True
2025-10-11T00:34:15.973373,23.324,True,False,True,False,EV_CREDIT_PRIORITY,off_peak_weekend_with_ev_credit,8.56,True,winter,True
2025-10-11T00:34:45.984598,23.325,True,False,True,False,EV_CREDIT_PRIORITY,off_peak_weekend_with_ev_credit,8.56,True,winter,True
2025-10-11T00:35:15.989549,23.331,True,False,True,False,EV_CREDIT_PRIORITY,off_peak_weekend_with_ev_credit,8.56,True,winter,True
2025-10-11T00:35:45.999812,23.338,True,False,True,False,EV_CREDIT_PRIORITY,off_peak_weekend_with_ev_credit,8.56,True,winter,True
2025-10-11T00:36:16.009895,23.337,True,False,True,False,EV_CREDIT_PRIORITY,off_peak_weekend_with_ev_credit,8.56,True,winter,True
2025-10-11T00:36:46.019585,23.338,True,False,True,False,EV_CREDIT_PRIORITY,off_peak_weekend_with_ev_credit,8.56,True,winter,True
2025-10-11T00:37:16.025159,23.340,True,False,True,False,EV_CREDIT_PRIORITY,off_peak_weekend_with_ev_credit,8.56,True,winter,True
2025-10-11T00:37:46.035893,23.344,True,False,True,False,EV_CREDIT_PRIORITY,off_peak_weekend_with_ev_credit,8.56,True,winter,True
2025-10-11T00:38:16.045578,23.350,True,False,True,False,EV_CREDIT_PRIORITY,off_peak_weekend_with_ev_credit,8.56,True,winter,True
2025-10-11T00:38:46.058206,23.354,True,False,True,False,EV_CREDIT_PRIORITY,off_peak_weekend_with_ev_credit,8.56,True,winter,True
2025-10-11T00:39:16.067978,23.356,True,False,True,False,EV_CREDIT_PRIORITY,off_peak_weekend_with_ev_credit,8.56,True,winter,True
2025-10-11T00:39:46.072015,23.359,True,False,True,False,EV_CREDIT_PRIORITY,off_peak_weekend_with_ev_credit,8.56,True,winter,True
2025-10-11T00:40:16.083250,23.365,True,False,True,False,EV_CREDIT_PRIORITY,off_peak_weekend_with_ev_credit,8.56,True,winter,True
2025-10-11T00:40:46.092974,23.368,True,False,True,False,EV_CREDIT_PRIORITY,off_peak_weekend_with_ev_credit,8.56,True,winter,True
2025-10-11T00:41:16.103892,23.380,True,False,True,False,EV_CREDIT_PRIORITY,off_peak_weekend_with_ev_credit,8.56,True,winter,True
2025-10-11T00:41:46.107721,23.376,True,False,True,False,EV_CREDIT_PRIORITY,off_peak_weekend_with_ev_credit,8.56,True,winter,True
2025-10-11T00:42:16.119209,23.379,True,False,True,False,EV_CREDIT_PRIORITY,off_peak_weekend_with_ev_credit,8.56,True,winter,True
2025-10-11T00:42:46.129146,23.382,True,False,True,False,EV_CREDIT_PRIORITY,off_peak_weekend_with_ev_credit,8.56,True,winter,True
2025-10-11T00:43:16.138922,23.381,True,False,True,False,EV_CREDIT_PRIORITY,off_peak_weekend_with_ev_credit,8.56,True,winter,True
2025-10-11T00:43:46.148629,23.389,True,False,True,False,EV_CREDIT_PRIORITY,off_peak_weekend_with_ev_credit,8.56,True,winter,True
2025-10-11T00:44:16.153294,23.386,True,False,True,False,EV_CREDIT_PRIORITY,off_peak_weekend_with_ev_credit,8.56,True,winter,True
2025-10-11T00:44:46.164349,23.394,True,False,True,False,EV_CREDIT_PRIORITY,off_peak_weekend_with_ev_credit,8.56,True,winter,True
2025-10-11T00:45:16.175741,23.396,True,False,True,False,EV_CREDIT_PRIORITY,off_peak_weekend_with_ev_credit,8.56,True,winter,True
2025-10-11T00:45:32.644946,23.401,True,False,True,False,EV_CREDIT_PRIORITY,off_peak_weekend_with_ev_credit,8.56,True,winter,True
2025-10-11T00:46:02.654404,23.401,True,False,True,False,EV_CREDIT_PRIORITY,off_peak_weekend_with_ev_credit,8.56,True,winter,True
2025-10-11T00:46:32.664056,23.413,True,False,True,False,EV_CREDIT_PRIORITY,off_peak_weekend_with_ev_credit,8.56,True,winter,True
2025-10-11T00:47:02.673907,23.412,True,False,True,False,EV_CREDIT_PRIORITY,off_peak_weekend_with_ev_credit,8.56,True,winter,True
2025-10-11T00:47:32.677330,23.416,True,False,True,False,EV_CREDIT_PRIORITY,off_peak_weekend_with_ev_credit,8.56,True,winter,True
2025-10-11T00:48:02.687515,23.417,True,False,True,False,EV_CREDIT_PRIORITY,off_peak_weekend_with_ev_credit,8.56,True,winter,True
2025-10-11T00:48:32.697074,23.425,True,False,True,False,EV_CREDIT_PRIORITY,off_peak_weekend_with_ev_credit,8.56,True,winter,True
2025-10-11T00:49:02.706617,23.429,True,False,True,False,EV_CREDIT_PRIORITY,off_peak_weekend_with_ev_credit,8.56,True,winter,True
2025-10-11T00:49:32.710028,23.427,True,False,True,False,EV_CREDIT_PRIORITY,off_peak_weekend_with_ev_credit,8.56,True,winter,True
2025-10-11T00:50:02.719799,23.426,True,False,True,False,EV_CREDIT_PRIORITY,off_peak_weekend_with_ev_credit,8.56,True,winter,True
2025-10-11T00:50:32.723174,23.435,True,False,True,False,EV_CREDIT_PRIORITY,off_peak_weekend_with_ev_credit,8.56,True,winter,True
2025-10-11T00:51:02.728806,23.436,True,False,True,False,EV_CREDIT_PRIORITY,off_peak_weekend_with_ev_credit,8.56,True,winter,True
2025-10-11T00:51:32.733987,23.441,True,False,True,False,EV_CREDIT_PRIORITY,off_peak_weekend_with_ev_credit,8.56,True,winter,True
2025-10-11T00:52:02.744339,23.438,True,False,True,False,EV_CREDIT_PRIORITY,off_peak_weekend_with_ev_credit,8.56,True,winter,True
2025-10-11T00:52:32.749306,23.450,True,False,True,False,EV_CREDIT_PRIORITY,off_peak_weekend_with_ev_credit,8.56,True,winter,True
2025-10-11T00:53:02.753450,23.450,True,False,True,False,EV_CREDIT_PRIORITY,off_peak_weekend_with_ev_credit,8.56,True,winter,True
2025-10-11T00:53:32.757641,23.452,True,False,True,False,EV_CREDIT_PRIORITY,off_peak_weekend_with_ev_credit,8.56,True,winter,True
2025-10-11T00:54:02.770918,23.454,True,False,True,False,EV_CREDIT_PRIORITY,off_peak_weekend_with_ev_credit,8.56,True,winter,True
2025-10-11T00:54:32.774242,23.462,True,False,True,False,EV_CREDIT_PRIORITY,off_peak_weekend_with_ev_credit,8.56,True,winter,True
2025-10-11T00:55:02.784536,23.460,True,False,True,False,EV_CREDIT_PRIORITY,off_peak_weekend_with_ev_credit,8.56,True,winter,True
2025-10-11T00:55:32.795873,23.463,True,False,True,False,EV_CREDIT_PRIORITY,off_peak_weekend_with_ev_credit,8.56,True,winter,True
2025-10-11T00:56:02.806144,23.474,True,False,True,False,EV_CREDIT_PRIORITY,off_peak_weekend_with_ev_credit,8.56,True,winter,True
2025-10-11T00:56:32.810009,23.474,True,False,True,False,EV_CREDIT_PRIORITY,off_peak_weekend_with_ev_credit,8.56,True,winter,True
2025-10-11T00:57:02.819715,23.480,True,False,True,False,EV_CREDIT_PRIORITY,off_peak_weekend_with_ev_credit,8.56,True,winter,True
2025-10-11T00:57:32.829623,23.480,True,False,True,False,EV_CREDIT_PRIORITY,off_peak_weekend_with_ev_credit,8.56,True,winter,True
2025-10-11T00:58:02.839977,23.483,True,False,True,False,EV_CREDIT_PRIORITY,off_peak_weekend_with_ev_credit,8.56,True,winter,True
2025-10-11T00:58:32.845668,23.489,True,False,True,False,EV_CREDIT_PRIORITY,off_peak_weekend_with_ev_credit,8.56,True,winter,True
2025-10-11T00:59:02.856935,23.484,True,False,True,False,EV_CREDIT_PRIORITY,off_peak_weekend_with_ev_credit,8.56,True,winter,True
2025-10-11T00:59:32.861021,23.499,True,False,True,False,EV_CREDIT_PRIORITY,off_peak_weekend_with_ev_credit,8.56,True,winter,True
2025-10-11T01:00:02.865558,23.500,True,False,True,False,EV_CREDIT_PRIORITY,off_peak_weekend_with_ev_credit,8.56,True,winter,True
2025-10-11T01:00:32.869485,23.502,True,False,True,False,EV_CREDIT_PRIORITY,off_peak_weekend_with_ev_credit,8.56,True,winter,True
2025-10-11T01:01:02.881094,23.502,True,False,True,False,EV_CREDIT_PRIORITY,off_peak_weekend_with_ev_credit,8.56,True,winter,True
2025-10-11T01:01:32.885559,23.509,True,False,True,False,EV_CREDIT_PRIORITY,off_peak_weekend_with_ev_credit,8.56,True,winter,True
2025-10-11T01:02:02.889481,23.512,True,False,True,False,EV_CREDIT_PRIORITY,off_peak_weekend_with_ev_credit,8.56,True,winter,True
2025-10-11T01:02:32.893481,23.517,True,False,True,False,EV_CREDIT_PRIORITY,off_peak_weekend_with_ev_credit,8.56,True,winter,True
2025-10-11T01:03:02.897490,23.523,True,False,True,False,EV_CREDIT_PRIORITY,off_peak_weekend_with_ev_credit,8.56,True,winter,True
2025-10-11T01:03:32.907781,23.517,True,False,True,False,EV_CREDIT_PRIORITY,off_peak_weekend_with_ev_credit,8.56,True,winter,True
2025-10-11T01:04:02.911467,23.529,True,False,True,False,EV_CREDIT_PRIORITY,off_peak_weekend_with_ev_credit,8.56,True,winter,True
2025-10-11T01:04:32.916370,23.522,True,False,True,False,EV_CREDIT_PRIORITY,off_peak_weekend_with_ev_credit,8.56,True,winter,True
2025-10-11T01:05:02.921267,23.529,True,False,True,False,EV_CREDIT_PRIORITY,off_peak_weekend_with_ev_credit,8.56,True,winter,True
2025-10-11T01:05:32.931757,23.531,True,False,True,False,EV_CREDIT_PRIORITY,off_peak_weekend_with_ev_credit,8.56,True,winter,True
2025-10-11T01:06:02.935742,23.539,True,False,True,False,EV_CREDIT_PRIORITY,off_peak_weekend_with_ev_credit,8.56,True,winter,True
2025-10-11T01:06:32.940709,23.540,True,False,True,False,EV_CREDIT_PRIORITY,off_peak_weekend_with_ev_credit,8.56,True,winter,True
2025-10-11T01:07:02.945216,23.540,True,False,True,False,EV_CREDIT_PRIORITY,off_peak_weekend_with_ev_credit,8.56,True,winter,True
2025-10-11T01:07:32.949496,23.541,True,False,True,False,EV_CREDIT_PRIORITY,off_peak_weekend_with_ev_credit,8.56,True,winter,True
2025-10-11T01:08:02.959801,23.548,True,False,True,False,EV_CREDIT_PRIORITY,off_peak_weekend_with_ev_credit,8.56,True,winter,True
2025-10-11T01:08:32.963893,23.551,True,False,True,False,EV_CREDIT_PRIORITY,off_peak_weekend_with_ev_credit,8.56,True,winter,True
2025-10-11T01:09:02.967353,23.552,True,False,True,False,EV_CREDIT_PRIORITY,off_peak_weekend_with_ev_credit,8.56,True,winter,True
2025-10-11T01:09:32.971346,23.555,True,False,True,False,EV_CREDIT_PRIORITY,off_peak_weekend_with_ev_credit,8.56,True,winter,True
2025-10-11T01:10:02.981821,23.566,True,False,True,False,EV_CREDIT_PRIORITY,off_peak_weekend_with_ev_credit,8.56,True,winter,True
2025-10-11T01:10:32.986756,23.569,True,False,True,False,EV_CREDIT_PRIORITY,off_peak_weekend_with_ev_credit,8.56,True,winter,True
2025-10-11T01:11:02.993051,23.569,True,False,True,False,EV_CREDIT_PRIORITY,off_peak_weekend_with_ev_credit,8.56,True,winter,True
2025-10-11T01:11:32.997145,23.567,True,False,True,False,EV_CREDIT_PRIORITY,off_peak_weekend_with_ev_credit,8.56,True,winter,True
2025-10-11T01:12:03.001554,23.565,True,False,True,False,EV_CREDIT_PRIORITY,off_peak_weekend_with_ev_credit,8.56,True,winter,True
2025-10-11T01:12:33.011194,23.576,True,False,True,False,EV_CREDIT_PRIORITY,off_peak_weekend_with_ev_credit,8.56,True,winter,True
2025-10-11T01:13:03.015013,23.574,True,False,True,False,EV_CREDIT_PRIORITY,off_peak_weekend_with_ev_credit,8.56,True,winter,True
2025-10-11T01:13:33.020057,23.577,True,False,True,False,EV_CREDIT_PRIORITY,off_peak_weekend_with_ev_credit,8.56,True,winter,True
2025-10-11T01:14:03.024968,23.581,True,False,True,False,EV_CREDIT_PRIORITY,off_peak_weekend_with_ev_credit,8.56,True,winter,True
2025-10-11T01:14:33.035823,23.585,True,False,True,False,EV_CREDIT_PRIORITY,off_peak_weekend_with_ev_credit,8.56,True,winter,True
2025-10-11T01:15:03.039270,23.586,True,False,True,False,EV_CREDIT_PRIORITY,off_peak_weekend_with_ev_credit,8.56,True,winter,True
2025-10-11T01:15:33.044350,23.585,True,False,True,False,EV_CREDIT_PRIORITY,off_peak_weekend_with_ev_credit,8.56,True,winter,True
2025-10-11T01:16:03.048432,23.598,True,False,True,False,EV_CREDIT_PRIORITY,off_peak_weekend_with_ev_credit,8.56,True,winter,True
2025-10-11T01:16:33.053452,23.598,True,False,True,False,EV_CREDIT_PRIORITY,off_peak_weekend_with_ev_credit,8.56,True,winter,True
2025-10-11T01:17:03.064232,23.601,True,False,True,False,EV_CREDIT_PRIORITY,off_peak_weekend_with_ev_credit,8.56,True,winter,True
2025-10-11T01:17:33.067662,23.598,True,False,True,False,EV_CREDIT_PRIORITY,off_peak_weekend_with_ev_credit,8.56,True,winter,True
2025-10-11T01:18:03.071272,23.606,True,False,True,False,EV_CREDIT_PRIORITY,off_peak_weekend_with_ev_credit,8.56,True,winter,True
2025-10-11T01:18:33.075075,23.611,True,False,True,False,EV_CREDIT_PRIORITY,off_peak_weekend_with_ev_credit,8.56,True,winter,True
2025-10-11T01:19:03.084854,23.613,True,False,True,False,EV_CREDIT_PRIORITY,off_peak_weekend_with_ev_credit,8.56,True,winter,True
2025-10-11T01:19:33.088491,23.613,True,False,True,False,EV_CREDIT_PRIORITY,off_peak_weekend_with_ev_credit,8.56,True,winter,True
2025-10-11T01:20:03.098076,23.613,True,False,True,False,EV_CREDIT_PRIORITY,off_peak_weekend_with_ev_credit,8.56,True,winter,True
2025-10-11T01:20:33.107947,23.616,True,False,True,False,EV_CREDIT_PRIORITY,off_peak_weekend_with_ev_credit,8.56,True,winter,True
2025-10-11T01:21:03.117960,23.620,True,False,True,False,EV_CREDIT_PRIORITY,off_peak_weekend_with_ev_credit,8.56,True,winter,True
2025-10-11T01:21:33.122394,23.625,True,False,True,False,EV_CREDIT_PRIORITY,off_peak_weekend_with_ev_credit,8.56,True,winter,True
2025-10-11T01:22:03.132138,23.626,True,False,True,False,EV_CREDIT_PRIORITY,off_peak_weekend_with_ev_credit,8.56,True,winter,True
2025-10-11T01:22:33.142254,23.632,True,False,True,False,EV_CREDIT_PRIORITY,off_peak_weekend_with_ev_credit,8.56,True,winter,True
2025-10-11T01:23:03.151915,23.631,True,False,True,False,EV_CREDIT_PRIORITY,off_peak_weekend_with_ev_credit,8.56,True,winter,True
2025-10-11T01:23:33.155370,23.633,True,False,True,False,EV_CREDIT_PRIORITY,off_peak_weekend_with_ev_credit,8.56,True,winter,True
2025-10-11T01:24:03.166828,23.634,True,False,True,False,EV_CREDIT_PRIORITY,off_peak_weekend_with_ev_credit,8.56,True,winter,True
2025-10-11T01:24:33.170195,23.637,True,False,True,False,EV_CREDIT_PRIORITY,off_peak_weekend_with_ev_credit,8.56,True,winter,True
2025-10-11T01:25:03.173662,23.643,True,False,True,False,EV_CREDIT_PRIORITY,off_peak_weekend_with_ev_credit,8.56,True,winter,True
2025-10-11T01:25:33.178603,23.635,True,False,True,False,EV_CREDIT_PRIORITY,off_peak_weekend_with_ev_credit,8.56,True,winter,True
2025-10-11T01:26:03.190893,23.649,True,False,True,False,EV_CREDIT_PRIORITY,off_peak_weekend_with_ev_credit,8.56,True,winter,True
2025-10-11T01:26:33.194261,23.642,True,False,True,False,EV_CREDIT_PRIORITY,off_peak_weekend_with_ev_credit,8.56,True,winter,True
2025-10-11T01:27:03.197678,23.652,True,False,True,False,EV_CREDIT_PRIORITY,off_peak_weekend_with_ev_credit,8.56,True,winter,True
2025-10-11T01:27:33.202448,23.650,True,False,True,False,EV_CREDIT_PRIORITY,off_peak_weekend_with_ev_credit,8.56,True,winter,True
2025-10-11T01:28:03.205902,23.658,True,False,True,False,EV_CREDIT_PRIORITY,off_peak_weekend_with_ev_credit,8.56,True,winter,True
2025-10-11T01:28:33.217154,23.661,True,False,True,False,EV_CREDIT_PRIORITY,off_peak_weekend_with_ev_credit,8.56,True,winter,True
2025-10-11T01:29:03.221557,23.660,True,False,True,False,EV_CREDIT_PRIORITY,off_peak_weekend_with_ev_credit,8.56,True,winter,True
2025-10-11T01:29:33.225523,23.667,True,False,True,False,EV_CREDIT_PRIORITY,off_peak_weekend_with_ev_credit,8.56,True,winter,True
2025-10-11T01:30:03.229662,23.660,True,False,True,False,EV_CREDIT_PRIORITY,off_peak_weekend_with_ev_credit,8.56,True,winter,True
2025-10-11T01:30:33.240922,23.660,True,False,True,False,EV_CREDIT_PRIORITY,off_peak_weekend_with_ev_credit,8.56,True,winter,True
2025-10-11T01:31:03.245946,23.666,True,False,True,False,EV_CREDIT_PRIORITY,off_peak_weekend_with_ev_credit,8.56,True,winter,True
2025-10-11T01:31:33.251241,23.673,True,False,True,False,EV_CREDIT_PRIORITY,off_peak_weekend_with_ev_credit,8.56,True,winter,True
2025-10-11T01:32:03.256259,23.668,True,False,True,False,EV_CREDIT_PRIORITY,off_peak_weekend_with_ev_credit,8.56,True,winter,True
2025-10-11T01:32:33.261000,23.677,True,False,True,False,EV_CREDIT_PRIORITY,off_peak_weekend_with_ev_credit,8.56,True,winter,True
2025-10-11T01:33:03.271812,23.677,True,False,True,False,EV_CREDIT_PRIORITY,off_peak_weekend_with_ev_credit,8.56,True,winter,True
2025-10-11T01:33:33.275236,23.682,True,False,True,False,EV_CREDIT_PRIORITY,off_peak_weekend_with_ev_credit,8.56,True,winter,True
2025-10-11T01:34:03.280291,23.675,True,False,True,False,EV_CREDIT_PRIORITY,off_peak_weekend_with_ev_credit,8.56,True,winter,True
2025-10-11T01:34:33.285436,23.690,True,False,True,False,EV_CREDIT_PRIORITY,off_peak_weekend_with_ev_credit,8.56,True,winter,True
2025-10-11T01:35:03.295842,23.687,True,False,True,False,EV_CREDIT_PRIORITY,off_peak_weekend_with_ev_credit,8.56,True,winter,True
2025-10-11T01:35:33.299345,23.689,True,False,True,False,EV_CREDIT_PRIORITY,off_peak_weekend_with_ev_credit,8.56,True,winter,True
2025-10-11T01:36:03.311298,23.687,True,False,True,False,EV_CREDIT_PRIORITY,off_peak_weekend_with_ev_credit,8.56,True,winter,True
2025-10-11T01:36:33.320920,23.688,True,False,True,False,EV_CREDIT_PRIORITY,off_peak_weekend_with_ev_credit,8.56,True,winter,True
2025-10-11T01:37:03.332144,23.693,True,False,True,False,EV_CREDIT_PRIORITY,off_peak_weekend_with_ev_credit,8.56,True,winter,True
2025-10-11T01:37:33.337063,23.692,True,False,True,False,EV_CREDIT_PRIORITY,off_peak_weekend_with_ev_credit,8.56,True,winter,True
2025-10-11T01:38:03.347756,23.698,True,False,True,False,EV_CREDIT_PRIORITY,off_peak_weekend_with_ev_credit,8.56,True,winter,True
2025-10-11T01:38:33.357950,23.703,True,False,True,False,EV_CREDIT_PRIORITY,off_peak_weekend_with_ev_credit,8.56,True,winter,True
2025-10-11T01:39:03.368637,23.705,True,False,True,False,EV_CREDIT_PRIORITY,off_peak_weekend_with_ev_credit,8.56,True,winter,True
2025-10-11T01:39:33.373578,23.708,True,False,True,False,EV_CREDIT_PRIORITY,off_peak_weekend_with_ev_credit,8.56,True,winter,True
2025-10-11T01:40:03.383747,23.713,True,False,True,False,EV_CREDIT_PRIORITY,off_peak_weekend_with_ev_credit,8.56,True,winter,True
2025-10-11T01:40:33.387191,23.720,True,False,True,False,EV_CREDIT_PRIORITY,off_peak_weekend_with_ev_credit,8.56,True,winter,True
2025-10-11T01:41:03.392878,23.714,True,False,True,False,EV_CREDIT_PRIORITY,off_peak_weekend_with_ev_credit,8.56,True,winter,True
2025-10-11T01:41:33.397190,23.713,True,False,True,False,EV_CREDIT_PRIORITY,off_peak_weekend_with_ev_credit,8.56,True,winter,True
2025-10-11T01:42:03.407778,23.719,True,False,True,False,EV_CREDIT_PRIORITY,off_peak_weekend_with_ev_credit,8.56,True,winter,True
2025-10-11T01:42:33.411654,23.720,True,False,True,False,EV_CREDIT_PRIORITY,off_peak_weekend_with_ev_credit,8.56,True,winter,True
2025-10-11T01:43:03.415847,23.721,True,False,True,False,EV_CREDIT_PRIORITY,off_peak_weekend_with_ev_credit,8.56,True,winter,True
2025-10-11T01:43:33.420855,23.722,True,False,True,False,EV_CREDIT_PRIORITY,off_peak_weekend_with_ev_credit,8.56,True,winter,True
2025-10-11T01:44:03.433854,23.725,True,False,True,False,EV_CREDIT_PRIORITY,off_peak_weekend_with_ev_credit,8.56,True,winter,True
2025-10-11T01:44:33.438053,23.723,True,False,True,False,EV_CREDIT_PRIORITY,off_peak_weekend_with_ev_credit,8.56,True,winter,True
2025-10-11T01:45:03.447823,23.734,True,False,True,False,EV_CREDIT_PRIORITY,off_peak_weekend_with_ev_credit,8.56,True,winter,True
2025-10-11T01:45:33.457525,23.731,True,False,True,False,EV_CREDIT_PRIORITY,off_peak_weekend_with_ev_credit,8.56,True,winter,True
2025-10-11T01:46:03.467904,23.733,True,False,True,False,EV_CREDIT_PRIORITY,off_peak_weekend_with_ev_credit,8.56,True,winter,True
2025-10-11T01:46:33.471402,23.737,True,False,True,False,EV_CREDIT_PRIORITY,off_peak_weekend_with_ev_credit,8.56,True,winter,True
2025-10-11T01:47:03.482635,23.739,True,False,True,False,EV_CREDIT_PRIORITY,off_peak_weekend_with_ev_credit,8.56,True,winter,True
2025-10-11T01:47:33.492406,23.742,True,False,True,False,EV_CREDIT_PRIORITY,off_peak_weekend_with_ev_credit,8.56,True,winter,True
2025-10-11T01:48:03.503758,23.746,True,False,True,False,EV_CREDIT_PRIORITY,off_peak_weekend_with_ev_credit,8.56,True,winter,True
2025-10-11T01:48:33.507197,23.747,True,False,True,False,EV_CREDIT_PRIORITY,off_peak_weekend_with_ev_credit,8.56,True,winter,True
2025-10-11T01:49:03.518316,23.751,True,False,True,False,EV_CREDIT_PRIORITY,off_peak_weekend_with_ev_credit,8.56,True,winter,True
2025-10-11T01:49:33.521806,23.753,True,False,True,False,EV_CREDIT_PRIORITY,off_peak_weekend_with_ev_credit,8.56,True,winter,True
2025-10-11T01:50:03.527269,23.756,True,False,True,False,EV_CREDIT_PRIORITY,off_peak_weekend_with_ev_credit,8.56,True,winter,True
2025-10-11T01:50:33.531450,23.753,True,False,True,False,EV_CREDIT_PRIORITY,off_peak_weekend_with_ev_credit,8.56,True,winter,True
2025-10-11T01:51:03.543362,23.752,True,False,True,False,EV_CREDIT_PRIORITY,off_peak_weekend_with_ev_credit,8.56,True,winter,True
2025-10-11T01:51:33.547174,23.760,True,False,True,False,EV_CREDIT_PRIORITY,off_peak_weekend_with_ev_credit,8.56,True,winter,True
2025-10-11T01:52:03.552637,23.767,True,False,True,False,EV_CREDIT_PRIORITY,off_peak_weekend_with_ev_credit,8.56,True,winter,True
2025-10-11T01:52:33.557550,23.766,True,False,True,False,EV_CREDIT_PRIORITY,off_peak_weekend_with_ev_credit,8.56,True,winter,True
2025-10-11T01:53:03.567860,23.767,True,False,True,False,EV_CREDIT_PRIORITY,off_peak_weekend_with_ev_credit,8.56,True,winter,True
2025-10-11T01:53:33.571653,23.764,True,False,True,False,EV_CREDIT_PRIORITY,off_peak_weekend_with_ev_credit,8.56,True,winter,True
2025-10-11T01:54:03.583055,23.770,True,False,True,False,EV_CREDIT_PRIORITY,off_peak_weekend_with_ev_credit,8.56,True,winter,True
2025-10-11T01:54:33.592701,23.773,True,False,True,False,EV_CREDIT_PRIORITY,off_peak_weekend_with_ev_credit,8.56,True,winter,True
2025-10-11T01:55:03.603142,23.777,True,False,True,False,EV_CREDIT_PRIORITY,off_peak_weekend_with_ev_credit,8.56,True,winter,True
2025-10-11T01:55:33.606521,23.773,True,False,True,False,EV_CREDIT_PRIORITY,off_peak_weekend_with_ev_credit,8.56,True,winter,True
2025-10-11T01:56:03.616851,23.778,True,False,True,False,EV_CREDIT_PRIORITY,off_peak_weekend_with_ev_credit,8.56,True,winter,True
2025-10-11T01:56:33.628228,23.782,True,False,True,False,EV_CREDIT_PRIORITY,off_peak_weekend_with_ev_credit,8.56,True,winter,True
2025-10-11T01:57:03.639442,23.781,True,False,True,False,EV_CREDIT_PRIORITY,off_peak_weekend_with_ev_credit,8.56,True,winter,True
2025-10-11T01:57:33.642859,23.788,True,False,True,False,EV_CREDIT_PRIORITY,off_peak_weekend_with_ev_credit,8.56,True,winter,True
2025-10-11T01:58:03.654541,23.788,True,False,True,False,EV_CREDIT_PRIORITY,off_peak_weekend_with_ev_credit,8.56,True,winter,True
2025-10-11T01:58:33.657947,23.790,True,False,True,False,EV_CREDIT_PRIORITY,off_peak_weekend_with_ev_credit,8.56,True,winter,True
2025-10-11T01:59:03.662458,23.793,True,False,True,False,EV_CREDIT_PRIORITY,off_peak_weekend_with_ev_credit,8.56,True,winter,True
2025-10-11T01:59:33.665876,23.798,True,False,True,False,EV_CREDIT_PRIORITY,off_peak_weekend_with_ev_credit,8.56,True,winter,True
2025-10-11T02:00:03.677202,23.802,True,False,True,False,EV_CREDIT_PRIORITY,off_peak_weekend_with_ev_credit,8.56,True,winter,True
2025-10-11T02:00:33.681672,23.800,True,False,True,False,EV_CREDIT_PRIORITY,off_peak_weekend_with_ev_credit,8.56,True,winter,True
2025-10-11T02:01:03.686924,23.806,True,False,True,False,EV_CREDIT_PRIORITY,off_peak_weekend_with_ev_credit,8.56,True,winter,True
2025-10-11T02:01:33.691946,23.802,True,False,True,False,EV_CREDIT_PRIORITY,off_peak_weekend_with_ev_credit,8.56,True,winter,True
2025-10-11T02:02:03.705145,23.806,True,False,True,False,EV_CREDIT_PRIORITY,off_peak_weekend_with_ev_credit,8.56,True,winter,True
2025-10-11T02:02:33.709652,23.810,True,False,True,False,EV_CREDIT_PRIORITY,off_peak_weekend_with_ev_credit,8.56,True,winter,True
2025-10-11T02:03:03.721010,23.808,True,False,True,False,EV_CREDIT_PRIORITY,off_peak_weekend_with_ev_credit,8.56,True,winter,True
2025-10-11T02:03:33.732071,23.818,True,False,True,False,EV_CREDIT_PRIORITY,off_peak_weekend_with_ev_credit,8.56,True,winter,True
2025-10-11T02:04:03.741721,23.817,True,False,True,False,EV_CREDIT_PRIORITY,off_peak_weekend_with_ev_credit,8.56,True,winter,True
2025-10-11T02:04:33.746740,23.819,True,False,True,False,EV_CREDIT_PRIORITY,off_peak_weekend_with_ev_credit,8.56,True,winter,True
2025-10-11T02:05:03.758008,23.816,True,False,True,False,EV_CREDIT_PRIORITY,off_peak_weekend_with_ev_credit,8.56,True,winter,True
2025-10-11T02:05:33.768260,23.822,True,False,True,False,EV_CREDIT_PRIORITY,off_peak_weekend_with_ev_credit,8.56,True,winter,True
2025-10-11T02:06:03.780298,23.823,True,False,True,False,EV_CREDIT_PRIORITY,off_peak_weekend_with_ev_credit,8.56,True,winter,True
2025-10-11T02:06:33.791600,23.829,True,False,True,False,EV_CREDIT_PRIORITY,off_peak_weekend_with_ev_credit,8.56,True,winter,True
2025-10-11T02:07:03.795709,23.834,True,False,True,False,EV_CREDIT_PRIORITY,off_peak_weekend_with_ev_credit,8.56,True,winter,True
2025-10-11T02:07:33.806964,23.828,True,False,True,False,EV_CREDIT_PRIORITY,off_peak_weekend_with_ev_credit,8.56,True,winter,True
2025-10-11T02:08:03.816670,23.836,True,False,True,False,EV_CREDIT_PRIORITY,off_peak_weekend_with_ev_credit,8.56,True,winter,True
2025-10-11T02:08:33.827149,23.835,True,False,True,False,EV_CREDIT_PRIORITY,off_peak_weekend_with_ev_credit,8.56,True,winter,True
2025-10-11T02:09:03.830556,23.843,True,False,True,False,EV_CREDIT_PRIORITY,off_peak_weekend_with_ev_credit,8.56,True,winter,True
2025-10-11T02:09:33.840472,23.840,True,False,True,False,EV_CREDIT_PRIORITY,off_peak_weekend_with_ev_credit,8.56,True,winter,True
2025-10-11T02:10:03.852231,23.841,True,False,True,False,EV_CREDIT_PRIORITY,off_peak_weekend_with_ev_credit,8.56,True,winter,True
2025-10-11T02:10:33.862152,23.847,True,False,True,False,EV_CREDIT_PRIORITY,off_peak_weekend_with_ev_credit,8.56,True,winter,True
2025-10-11T02:11:03.866379,23.848,True,False,True,False,EV_CREDIT_PRIORITY,off_peak_weekend_with_ev_credit,8.56,True,winter,True
2025-10-11T02:11:33.876341,23.848,True,False,True,False,EV_CREDIT_PRIORITY,off_peak_weekend_with_ev_credit,8.56,True,winter,True
2025-10-11T02:12:03.881406,23.849,True,False,True,False,EV_CREDIT_PRIORITY,off_peak_weekend_with_ev_credit,8.56,True,winter,True
2025-10-11T02:12:33.886021,23.857,True,False,True,False,EV_CREDIT_PRIORITY,off_peak_weekend_with_ev_credit,8.56,True,winter,True
2025-10-11T02:13:03.889561,23.859,True,False,True,False,EV_CREDIT_PRIORITY,off_peak_weekend_with_ev_credit,8.56,True,winter,True
2025-10-11T02:13:33.900023,23.859,True,False,True,False,EV_CREDIT_PRIORITY,off_peak_weekend_with_ev_credit,8.56,True,winter,True
2025-10-11T02:14:03.903587,23.863,True,False,True,False,EV_CREDIT_PRIORITY,off_peak_weekend_with_ev_credit,8.56,True,winter,True
2025-10-11T02:14:33.909130,23.863,True,False,True,False,EV_CREDIT_PRIORITY,off_peak_weekend_with_ev_credit,8.56,True,winter,True
2025-10-11T02:15:03.913686,23.863,True,False,True,False,EV_CREDIT_PRIORITY,off_peak_weekend_with_ev_credit,8.56,True,winter,True
2025-10-11T02:15:33.925773,23.870,True,False,True,False,EV_CREDIT_PRIORITY,off_peak_weekend_with_ev_credit,8.56,True,winter,True
2025-10-11T02:16:03.930858,23.868,True,False,True,False,EV_CREDIT_PRIORITY,off_peak_weekend_with_ev_credit,8.56,True,winter,True
2025-10-11T02:16:33.942138,23.868,True,False,True,False,EV_CREDIT_PRIORITY,off_peak_weekend_with_ev_credit,8.56,True,winter,True
2025-10-11T02:17:03.952287,23.877,True,False,True,False,EV_CREDIT_PRIORITY,off_peak_weekend_with_ev_credit,8.56,True,winter,True
2025-10-11T02:17:33.963555,23.873,True,False,True,False,EV_CREDIT_PRIORITY,off_peak_weekend_with_ev_credit,8.56,True,winter,True
2025-10-11T02:18:03.967366,23.882,True,False,True,False,EV_CREDIT_PRIORITY,off_peak_weekend_with_ev_credit,8.56,True,winter,True
2025-10-11T02:18:33.978606,23.887,True,False,True,False,EV_CREDIT_PRIORITY,off_peak_weekend_with_ev_credit,8.56,True,winter,True
2025-10-11T02:19:03.988347,23.885,True,False,True,False,EV_CREDIT_PRIORITY,off_peak_weekend_with_ev_credit,8.56,True,winter,True
2025-10-11T02:19:33.999745,23.884,True,False,True,False,EV_CREDIT_PRIORITY,off_peak_weekend_with_ev_credit,8.56,True,winter,True
2025-10-11T02:20:04.003391,23.893,True,False,True,False,EV_CREDIT_PRIORITY,off_peak_weekend_with_ev_credit,8.56,True,winter,True
2025-10-11T02:20:34.015505,23.889,True,False,True,False,EV_CREDIT_PRIORITY,off_peak_weekend_with_ev_credit,8.56,True,winter,True
2025-10-11T02:21:04.019660,23.897,True,False,True,False,EV_CREDIT_PRIORITY,off_peak_weekend_with_ev_credit,8.56,True,winter,True
2025-10-11T02:21:34.025468,23.895,True,False,True,False,EV_CREDIT_PRIORITY,off_peak_weekend_with_ev_credit,8.56,True,winter,True
2025-10-11T02:22:04.029688,23.894,True,False,True,False,EV_CREDIT_PRIORITY,off_peak_weekend_with_ev_credit,8.56,True,winter,True
2025-10-11T02:22:34.041077,23.902,True,False,True,False,EV_CREDIT_PRIORITY,off_peak_weekend_with_ev_credit,8.56,True,winter,True
2025-10-11T02:23:04.045951,23.904,True,False,True,False,EV_CREDIT_PRIORITY,off_peak_weekend_with_ev_credit,8.56,True,winter,True
2025-10-11T02:23:34.050362,23.903,True,False,True,False,EV_CREDIT_PRIORITY,off_peak_weekend_with_ev_credit,8.56,True,winter,True
2025-10-11T02:24:04.054355,23.909,True,False,True,False,EV_CREDIT_PRIORITY,off_peak_weekend_with_ev_credit,8.56,True,winter,True
2025-10-11T02:24:34.064303,23.907,True,False,True,False,EV_CREDIT_PRIORITY,off_peak_weekend_with_ev_credit,8.56,True,winter,True
2025-10-11T02:25:04.069668,23.910,True,False,True,False,EV_CREDIT_PRIORITY,off_peak_weekend_with_ev_credit,8.56,True,winter,True
2025-10-11T02:25:34.081182,23.918,True,False,True,False,EV_CREDIT_PRIORITY,off_peak_weekend_with_ev_credit,8.56,True,winter,True
2025-10-11T02:26:04.092911,23.917,True,False,True,False,EV_CREDIT_PRIORITY,off_peak_weekend_with_ev_credit,8.56,True,winter,True
2025-10-11T02:26:34.104020,23.925,True,False,True,False,EV_CREDIT_PRIORITY,off_peak_weekend_with_ev_credit,8.56,True,winter,True
2025-10-11T02:27:04.107642,23.926,True,False,True,False,EV_CREDIT_PRIORITY,off_peak_weekend_with_ev_credit,8.56,True,winter,True
2025-10-11T02:27:34.119329,23.922,True,False,True,False,EV_CREDIT_PRIORITY,off_peak_weekend_with_ev_credit,8.56,True,winter,True
2025-10-11T02:28:04.129321,23.923,True,False,True,False,EV_CREDIT_PRIORITY,off_peak_weekend_with_ev_credit,8.56,True,winter,True
2025-10-11T02:28:34.141312,23.928,True,False,True,False,EV_CREDIT_PRIORITY,off_peak_weekend_with_ev_credit,8.56,True,winter,True
2025-10-11T02:29:04.145683,23.935,True,False,True,False,EV_CREDIT_PRIORITY,off_peak_weekend_with_ev_credit,8.56,True,winter,True
2025-10-11T02:29:34.155339,23.938,True,False,True,False,EV_CREDIT_PRIORITY,off_peak_weekend_with_ev_credit,8.56,True,winter,True
2025-10-11T02:30:04.158784,23.935,True,False,True,False,EV_CREDIT_PRIORITY,off_peak_weekend_with_ev_credit,8.56,True,winter,True
2025-10-11T02:30:34.164310,23.943,True,False,True,False,EV_CREDIT_PRIORITY,off_peak_weekend_with_ev_credit,8.56,True,winter,True
2025-10-11T02:31:04.169298,23.948,True,False,True,False,EV_CREDIT_PRIORITY,off_peak_weekend_with_ev_credit,8.56,True,winter,True
2025-10-11T02:31:34.179843,23.946,True,False,True,False,EV_CREDIT_PRIORITY,off_peak_weekend_with_ev_credit,8.56,True,winter,True
2025-10-11T02:32:04.183695,23.947,True,False,True,False,EV_CREDIT_PRIORITY,off_peak_weekend_with_ev_credit,8.56,True,winter,True
2025-10-11T02:32:34.188356,23.957,True,False,True,False,EV_CREDIT_PRIORITY,off_peak_weekend_with_ev_credit,8.56,True,winter,True
2025-10-11T02:33:04.193378,23.951,True,False,True,False,EV_CREDIT_PRIORITY,off_peak_weekend_with_ev_credit,8.56,True,winter,True
2025-10-11T02:33:34.203867,23.952,True,False,True,False,EV_CREDIT_PRIORITY,off_peak_weekend_with_ev_credit,8.56,True,winter,True
2025-10-11T02:34:04.207630,23.954,True,False,True,False,EV_CREDIT_PRIORITY,off_peak_weekend_with_ev_credit,8.56,True,winter,True
2025-10-11T02:34:34.212573,23.958,True,False,True,False,EV_CREDIT_PRIORITY,off_peak_weekend_with_ev_credit,8.56,True,winter,True
2025-10-11T02:35:04.217328,23.961,True,False,True,False,EV_CREDIT_PRIORITY,off_peak_weekend_with_ev_credit,8.56,True,winter,True
2025-10-11T02:35:34.221561,23.970,True,False,True,False,EV_CREDIT_PRIORITY,off_peak_weekend_with_ev_credit,8.56,True,winter,True
2025-10-11T02:36:04.232540,23.964,True,False,True,False,EV_CREDIT_PRIORITY,off_peak_weekend_with_ev_credit,8.56,True,winter,True
2025-10-11T02:36:34.237605,23.969,True,False,True,False,EV_CREDIT_PRIORITY,off_peak_weekend_with_ev_credit,8.56,True,winter,True
2025-10-11T02:37:04.241041,23.972,True,False,True,False,EV_CREDIT_PRIORITY,off_peak_weekend_with_ev_credit,8.56,True,winter,True
2025-10-11T02:37:34.245895,23.970,True,False,True,False,EV_CREDIT_PRIORITY,off_peak_weekend_with_ev_credit,8.56,True,winter,True
2025-10-11T02:38:04.257242,23.976,True,False,True,False,EV_CREDIT_PRIORITY,off_peak_weekend_with_ev_credit,8.56,True,winter,True
2025-10-11T02:38:34.261709,23.983,True,False,True,False,EV_CREDIT_PRIORITY,off_peak_weekend_with_ev_credit,8.56,True,winter,True
2025-10-11T02:39:04.273073,23.986,True,False,True,False,EV_CREDIT_PRIORITY,off_peak_weekend_with_ev_credit,8.56,True,winter,True
2025-10-11T02:39:34.283854,23.994,True,False,True,False,EV_CREDIT_PRIORITY,off_peak_weekend_with_ev_credit,8.56,True,winter,True
2025-10-11T02:40:04.293501,23.987,True,False,True,False,EV_CREDIT_PRIORITY,off_peak_weekend_with_ev_credit,8.56,True,winter,True
2025-10-11T02:40:34.297634,23.990,True,False,True,False,EV_CREDIT_PRIORITY,off_peak_weekend_with_ev_credit,8.56,True,winter,True
2025-10-11T02:41:04.309509,23.994,True,False,True,False,EV_CREDIT_PRIORITY,off_peak_weekend_with_ev_credit,8.56,True,winter,True
2025-10-11T02:41:34.319858,23.992,True,False,True,False,EV_CREDIT_PRIORITY,off_peak_weekend_with_ev_credit,8.56,True,winter,True
2025-10-11T02:42:04.329620,24.000,True,False,True,False,EV_CREDIT_PRIORITY,off_peak_weekend_with_ev_credit,8.56,True,winter,True
2025-10-11T02:42:34.335042,24.006,True,False,True,False,EV_CREDIT_PRIORITY,off_peak_weekend_with_ev_credit,8.56,True,winter,True
2025-10-11T02:43:04.345510,24.001,True,False,True,False,EV_CREDIT_PRIORITY,off_peak_weekend_with_ev_credit,8.56,True,winter,True
2025-10-11T02:43:34.349645,24.007,True,False,True,False,EV_CREDIT_PRIORITY,off_peak_weekend_with_ev_credit,8.56,True,winter,True
2025-10-11T02:44:04.354756,24.007,True,False,True,False,EV_CREDIT_PRIORITY,off_peak_weekend_with_ev_credit,8.56,True,winter,True
2025-10-11T02:44:34.359381,24.007,True,False,True,False,EV_CREDIT_PRIORITY,off_peak_weekend_with_ev_credit,8.56,True,winter,True
2025-10-11T02:45:04.369518,24.009,True,False,True,False,EV_CREDIT_PRIORITY,off_peak_weekend_with_ev_credit,8.56,True,winter,True
2025-10-11T02:45:34.373578,24.008,True,False,True,False,EV_CREDIT_PRIORITY,off_peak_weekend_with_ev_credit,8.56,True,winter,True
2025-10-11T02:46:04.378395,24.013,True,False,True,False,EV_CREDIT_PRIORITY,off_peak_weekend_with_ev_credit,8.56,True,winter,True
2025-10-11T02:46:34.381901,24.021,True,False,True,False,EV_CREDIT_PRIORITY,off_peak_weekend_with_ev_credit,8.56,True,winter,True
2025-10-11T02:47:04.388474,24.020,True,False,True,False,EV_CREDIT_PRIORITY,off_peak_weekend_with_ev_credit,8.56,True,winter,True
2025-10-11T02:47:34.392376,24.028,True,False,True,False,EV_CREDIT_PRIORITY,off_peak_weekend_with_ev_credit,8.56,True,winter,True
2025-10-11T02:48:04.403765,24.029,True,False,True,False,EV_CREDIT_PRIORITY,off_peak_weekend_with_ev_credit,8.56,True,winter,True
2025-10-11T02:48:34.413962,24.035,True,False,True,False,EV_CREDIT_PRIORITY,off_peak_weekend_with_ev_credit,8.56,True,winter,True
2025-10-11T02:49:04.425367,24.039,True,False,True,False,EV_CREDIT_PRIORITY,off_peak_weekend_with_ev_credit,8.56,True,winter,True
2025-10-11T02:49:34.429972,24.042,True,False,True,False,EV_CREDIT_PRIORITY,off_peak_weekend_with_ev_credit,8.56,True,winter,True
2025-10-11T02:50:04.439624,24.036,True,False,True,False,EV_CREDIT_PRIORITY,off_peak_weekend_with_ev_credit,8.56,True,winter,True
2025-10-11T02:50:34.449329,24.040,True,False,True,False,EV_CREDIT_PRIORITY,off_peak_weekend_with_ev_credit,8.56,True,winter,True
2025-10-11T02:51:04.460626,24.044,True,False,True,False,EV_CREDIT_PRIORITY,off_peak_weekend_with_ev_credit,8.56,True,winter,True
2025-10-11T02:51:34.465616,24.041,True,False,True,False,EV_CREDIT_PRIORITY,off_peak_weekend_with_ev_credit,8.56,True,winter,True
2025-10-11T02:52:04.476185,24.049,True,False,True,False,EV_CREDIT_PRIORITY,off_peak_weekend_with_ev_credit,8.56,True,winter,True
2025-10-11T02:52:34.481291,24.057,True,False,True,False,EV_CREDIT_PRIORITY,off_peak_weekend_with_ev_credit,8.56,True,winter,True
2025-10-11T02:53:04.485903,24.052,True,False,True,False,EV_CREDIT_PRIORITY,off_peak_weekend_with_ev_credit,8.56,True,winter,True
2025-10-11T02:53:34.491054,24.054,True,False,True,False,EV_CREDIT_PRIORITY,off_peak_weekend_with_ev_credit,8.56,True,winter,True
2025-10-11T02:54:04.502328,24.056,True,False,True,False,EV_CREDIT_PRIORITY,off_peak_weekend_with_ev_credit,8.56,True,winter,True
2025-10-11T02:54:34.506324,24.055,True,False,True,False,EV_CREDIT_PRIORITY,off_peak_weekend_with_ev_credit,8.56,True,winter,True
2025-10-11T02:55:04.509955,24.062,True,False,True,False,EV_CREDIT_PRIORITY,off_peak_weekend_with_ev_credit,8.56,True,winter,True
2025-10-11T02:55:34.515102,24.069,True,False,True,False,EV_CREDIT_PRIORITY,off_peak_weekend_with_ev_credit,8.56,True,winter,True
2025-10-11T02:56:04.527052,24.064,True,False,True,False,EV_CREDIT_PRIORITY,off_peak_weekend_with_ev_credit,8.56,True,winter,True
2025-10-11T02:56:34.530502,24.070,True,False,True,False,EV_CREDIT_PRIORITY,off_peak_weekend_with_ev_credit,8.56,True,winter,True
2025-10-11T02:57:04.540237,24.076,True,False,True,False,EV_CREDIT_PRIORITY,off_peak_weekend_with_ev_credit,8.56,True,winter,True
2025-10-11T02:57:34.551476,24.080,True,False,True,False,EV_CREDIT_PRIORITY,off_peak_weekend_with_ev_credit,8.56,True,winter,True
2025-10-11T02:58:04.561272,24.081,True,False,True,False,EV_CREDIT_PRIORITY,off_peak_weekend_with_ev_credit,8.56,True,winter,True
2025-10-11T02:58:34.565700,24.081,True,False,True,False,EV_CREDIT_PRIORITY,off_peak_weekend_with_ev_credit,8.56,True,winter,True
2025-10-11T02:59:04.577097,24.082,True,False,True,False,EV_CREDIT_PRIORITY,off_peak_weekend_with_ev_credit,8.56,True,winter,True
2025-10-11T02:59:34.588012,24.093,True,False,True,False,EV_CREDIT_PRIORITY,off_peak_weekend_with_ev_credit,8.56,True,winter,True
2025-10-11T03:00:04.597795,24.090,True,False,True,False,EV_CREDIT_PRIORITY,off_peak_weekend_with_ev_credit,8.56,True,winter,True
2025-10-11T03:00:34.602660,24.091,True,False,True,False,EV_CREDIT_PRIORITY,off_peak_weekend_with_ev_credit,8.56,True,winter,True
2025-10-11T03:01:04.612855,24.093,True,False,True,False,EV_CREDIT_PRIORITY,off_peak_weekend_with_ev_credit,8.56,True,winter,True
2025-10-11T03:01:34.617662,24.097,True,False,True,False,EV_CREDIT_PRIORITY,off_peak_weekend_with_ev_credit,8.56,True,winter,True
2025-10-11T03:02:04.623281,24.098,True,False,True,False,EV_CREDIT_PRIORITY,off_peak_weekend_with_ev_credit,8.56,True,winter,True
2025-10-11T03:02:34.626787,24.102,True,False,True,False,EV_CREDIT_PRIORITY,off_peak_weekend_with_ev_credit,8.56,True,winter,True
2025-10-11T03:03:04.638490,24.106,True,False,True,False,EV_CREDIT_PRIORITY,off_peak_weekend_with_ev_credit,8.56,True,winter,True
2025-10-11T03:03:34.641963,24.104,True,False,True,False,EV_CREDIT_PRIORITY,off_peak_weekend_with_ev_credit,8.56,True,winter,True
2025-10-11T03:04:04.647487,24.108,True,False,True,False,EV_CREDIT_PRIORITY,off_peak_weekend_with_ev_credit,8.56,True,winter,True
2025-10-11T03:04:34.652562,24.122,True,False,True,False,EV_CREDIT_PRIORITY,off_peak_weekend_with_ev_credit,8.56,True,winter,True
2025-10-11T03:05:04.663878,24.119,True,False,True,False,EV_CREDIT_PRIORITY,off_peak_weekend_with_ev_credit,8.56,True,winter,True
2025-10-11T03:05:34.667459,24.127,True,False,True,False,EV_CREDIT_PRIORITY,off_peak_weekend_with_ev_credit,8.56,True,winter,True
2025-10-11T03:06:04.674392,24.120,True,False,True,False,EV_CREDIT_PRIORITY,off_peak_weekend_with_ev_credit,8.56,True,winter,True
2025-10-11T03:06:34.677901,24.121,True,False,True,False,EV_CREDIT_PRIORITY,off_peak_weekend_with_ev_credit,8.56,True,winter,True
2025-10-11T03:07:04.682930,24.126,True,False,True,False,EV_CREDIT_PRIORITY,off_peak_weekend_with_ev_credit,8.56,True,winter,True
2025-10-11T03:07:34.692645,24.130,True,False,True,False,EV_CREDIT_PRIORITY,off_peak_weekend_with_ev_credit,8.56,True,winter,True
2025-10-11T03:08:04.697637,24.131,True,False,True,False,EV_CREDIT_PRIORITY,off_peak_weekend_with_ev_credit,8.56,True,winter,True
2025-10-11T03:08:34.701963,24.131,True,False,True,False,EV_CREDIT_PRIORITY,off_peak_weekend_with_ev_credit,8.56,True,winter,True
2025-10-11T03:09:04.707551,24.137,True,False,True,False,EV_CREDIT_PRIORITY,off_peak_weekend_with_ev_credit,8.56,True,winter,True
2025-10-11T03:09:34.718777,24.141,True,False,True,False,EV_CREDIT_PRIORITY,off_peak_weekend_with_ev_credit,8.56,True,winter,True
2025-10-11T03:10:04.722269,24.143,True,False,True,False,EV_CREDIT_PRIORITY,off_peak_weekend_with_ev_credit,8.56,True,winter,True
2025-10-11T03:10:34.727599,24.143,True,False,True,False,EV_CREDIT_PRIORITY,off_peak_weekend_with_ev_credit,8.56,True,winter,True
2025-10-11T03:11:04.731642,24.148,True,False,True,False,EV_CREDIT_PRIORITY,off_peak_weekend_with_ev_credit,8.56,True,winter,True
2025-10-11T03:11:34.735884,24.152,True,False,True,False,EV_CREDIT_PRIORITY,off_peak_weekend_with_ev_credit,8.56,True,winter,True
2025-10-11T03:12:04.747275,24.154,True,False,True,False,EV_CREDIT_PRIORITY,off_peak_weekend_with_ev_credit,8.56,True,winter,True
2025-10-11T03:12:34.750727,24.151,True,False,True,False,EV_CREDIT_PRIORITY,off_peak_weekend_with_ev_credit,8.56,True,winter,True
2025-10-11T03:13:04.756450,24.163,True,False,True,False,EV_CREDIT_PRIORITY,off_peak_weekend_with_ev_credit,8.56,True,winter,True
2025-10-11T03:13:34.761542,24.160,True,False,True,False,EV_CREDIT_PRIORITY,off_peak_weekend_with_ev_credit,8.56,True,winter,True
2025-10-11T03:14:04.771813,24.163,True,False,True,False,EV_CREDIT_PRIORITY,off_peak_weekend_with_ev_credit,8.56,True,winter,True
2025-10-11T03:14:34.775417,24.166,True,False,True,False,EV_CREDIT_PRIORITY,off_peak_weekend_with_ev_credit,8.56,True,winter,True
2025-10-11T03:15:04.786711,24.171,True,False,True,False,EV_CREDIT_PRIORITY,off_peak_weekend_with_ev_credit,8.56,True,winter,True
2025-10-11T03:15:34.797044,24.175,True,False,True,False,EV_CREDIT_PRIORITY,off_peak_weekend_with_ev_credit,8.56,True,winter,True
2025-10-11T03:16:04.808306,24.171,True,False,True,False,EV_CREDIT_PRIORITY,off_peak_weekend_with_ev_credit,8.56,True,winter,True
2025-10-11T03:16:34.813333,24.174,True,False,True,False,EV_CREDIT_PRIORITY,off_peak_weekend_with_ev_credit,8.56,True,winter,True
2025-10-11T03:17:04.823896,24.180,True,False,True,False,EV_CREDIT_PRIORITY,off_peak_weekend_with_ev_credit,8.56,True,winter,True
2025-10-11T03:17:34.833657,24.186,True,False,True,False,EV_CREDIT_PRIORITY,off_peak_weekend_with_ev_credit,8.56,True,winter,True
2025-10-11T03:18:04.845497,24.188,True,False,True,False,EV_CREDIT_PRIORITY,off_peak_weekend_with_ev_credit,8.56,True,winter,True
2025-10-11T03:18:34.849235,24.183,True,False,True,False,EV_CREDIT_PRIORITY,off_peak_weekend_with_ev_credit,8.56,True,winter,True
2025-10-11T03:19:04.860433,24.190,True,False,True,False,EV_CREDIT_PRIORITY,off_peak_weekend_with_ev_credit,8.56,True,winter,True
2025-10-11T03:19:34.863907,24.194,True,False,True,False,EV_CREDIT_PRIORITY,off_peak_weekend_with_ev_credit,8.56,True,winter,True
2025-10-11T03:20:04.868947,24.192,True,False,True,False,EV_CREDIT_PRIORITY,off_peak_weekend_with_ev_credit,8.56,True,winter,True
2025-10-11T03:20:34.873440,24.200,True,False,True,False,EV_CREDIT_PRIORITY,off_peak_weekend_with_ev_credit,8.56,True,winter,True
2025-10-11T03:21:04.884584,24.198,True,False,True,False,EV_CREDIT_PRIORITY,off_peak_weekend_with_ev_credit,8.56,True,winter,True
2025-10-11T03:21:34.889625,24.200,True,False,True,False,EV_CREDIT_PRIORITY,off_peak_weekend_with_ev_credit,8.56,True,winter,True
2025-10-11T03:22:04.893988,24.209,True,False,True,False,EV_CREDIT_PRIORITY,off_peak_weekend_with_ev_credit,8.56,True,winter,True
2025-10-11T03:22:34.899104,24.215,True,False,True,False,EV_CREDIT_PRIORITY,off_peak_weekend_with_ev_credit,8.56,True,winter,True
2025-10-11T03:23:04.910235,24.214,True,False,True,False,EV_CREDIT_PRIORITY,off_peak_weekend_with_ev_credit,8.56,True,winter,True
2025-10-11T03:23:34.913831,24.218,True,False,True,False,EV_CREDIT_PRIORITY,off_peak_weekend_with_ev_credit,8.56,True,winter,True
2025-10-11T03:24:04.925209,24.216,True,False,True,False,EV_CREDIT_PRIORITY,off_peak_weekend_with_ev_credit,8.56,True,winter,True
2025-10-11T03:24:34.936256,24.222,True,False,True,False,EV_CREDIT_PRIORITY,off_peak_weekend_with_ev_credit,8.56,True,winter,True
2025-10-11T03:25:04.946675,24.221,True,False,True,False,EV_CREDIT_PRIORITY,off_peak_weekend_with_ev_credit,8.56,True,winter,True
2025-10-11T03:25:34.950677,24.231,True,False,True,False,EV_CREDIT_PRIORITY,off_peak_weekend_with_ev_credit,8.56,True,winter,True
2025-10-11T03:26:04.960906,24.228,True,False,True,False,EV_CREDIT_PRIORITY,off_peak_weekend_with_ev_credit,8.56,True,winter,True
2025-10-11T03:26:34.971947,24.235,True,False,True,False,EV_CREDIT_PRIORITY,off_peak_weekend_with_ev_credit,8.56,True,winter,True
2025-10-11T03:27:04.982040,24.240,True,False,True,False,EV_CREDIT_PRIORITY,off_peak_weekend_with_ev_credit,8.56,True,winter,True
2025-10-11T03:27:34.985563,24.239,True,False,True,False,EV_CREDIT_PRIORITY,off_peak_weekend_with_ev_credit,8.56,True,winter,True
2025-10-11T03:28:04.995813,24.243,True,False,True,False,EV_CREDIT_PRIORITY,off_peak_weekend_with_ev_credit,8.56,True,winter,True
2025-10-11T03:28:34.999285,24.249,True,False,True,False,EV_CREDIT_PRIORITY,off_peak_weekend_with_ev_credit,8.56,True,winter,True
2025-10-11T03:29:05.004248,24.246,True,False,True,False,EV_CREDIT_PRIORITY,off_peak_weekend_with_ev_credit,8.56,True,winter,True
2025-10-11T03:29:35.010350,24.255,True,False,True,False,EV_CREDIT_PRIORITY,off_peak_weekend_with_ev_credit,8.56,True,winter,True
2025-10-11T03:30:05.020165,24.252,True,False,True,False,EV_CREDIT_PRIORITY,off_peak_weekend_with_ev_credit,8.56,True,winter,True
2025-10-11T03:30:35.025541,24.255,True,False,True,False,EV_CREDIT_PRIORITY,off_peak_weekend_with_ev_credit,8.56,True,winter,True
2025-10-11T03:31:05.030592,24.255,True,False,True,False,EV_CREDIT_PRIORITY,off_peak_weekend_with_ev_credit,8.56,True,winter,True
2025-10-11T03:31:35.034154,24.259,True,False,True,False,EV_CREDIT_PRIORITY,off_peak_weekend_with_ev_credit,8.56,True,winter,True
2025-10-11T03:32:05.043894,24.264,True,False,True,False,EV_CREDIT_PRIORITY,off_peak_weekend_with_ev_credit,8.56,True,winter,True
2025-10-11T03:32:35.047442,24.263,True,False,True,False,EV_CREDIT_PRIORITY,off_peak_weekend_with_ev_credit,8.56,True,winter,True
2025-10-11T03:33:05.058798,24.265,True,False,True,False,EV_CREDIT_PRIORITY,off_peak_weekend_with_ev_credit,8.56,True,winter,True
2025-10-11T03:33:35.068625,24.271,True,False,True,False,EV_CREDIT_PRIORITY,off_peak_weekend_with_ev_credit,8.56,True,winter,True
2025-10-11T03:34:05.079636,24.269,True,False,True,False,EV_CREDIT_PRIORITY,off_peak_weekend_with_ev_credit,8.56,True,winter,True
2025-10-11T03:34:35.083137,24.277,True,False,True,False,EV_CREDIT_PRIORITY,off_peak_weekend_with_ev_credit,8.56,True,winter,True
2025-10-11T03:35:05.092868,24.279,True,False,True,False,EV_CREDIT_PRIORITY,off_peak_weekend_with_ev_credit,8.56,True,winter,True
2025-10-11T03:35:35.103349,24.286,True,False,True,False,EV_CREDIT_PRIORITY,off_peak_weekend_with_ev_credit,8.56,True,winter,True
2025-10-11T03:36:05.113645,24.286,True,False,True,False,EV_CREDIT_PRIORITY,off_peak_weekend_with_ev_credit,8.56,True,winter,True
2025-10-11T03:36:35.117742,24.292,True,False,True,False,EV_CREDIT_PRIORITY,off_peak_weekend_with_ev_credit,8.56,True,winter,True
2025-10-11T03:37:05.128216,24.293,True,False,True,False,EV_CREDIT_PRIORITY,off_peak_weekend_with_ev_credit,8.56,True,winter,True
2025-10-11T03:37:35.133177,24.295,True,False,True,False,EV_CREDIT_PRIORITY,off_peak_weekend_with_ev_credit,8.56,True,winter,True
2025-10-11T03:38:05.138182,24.299,True,False,True,False,EV_CREDIT_PRIORITY,off_peak_weekend_with_ev_credit,8.56,True,winter,True
2025-10-11T03:38:35.141724,24.294,True,False,True,False,EV_CREDIT_PRIORITY,off_peak_weekend_with_ev_credit,8.56,True,winter,True
2025-10-11T03:39:05.153542,24.301,True,False,True,False,EV_CREDIT_PRIORITY,off_peak_weekend_with_ev_credit,8.56,True,winter,True
2025-10-11T03:39:35.157628,24.301,True,False,True,False,EV_CREDIT_PRIORITY,off_peak_weekend_with_ev_credit,8.56,True,winter,True
2025-10-11T03:40:05.161951,24.306,True,False,True,False,EV_CREDIT_PRIORITY,off_peak_weekend_with_ev_credit,8.56,True,winter,True
2025-10-11T03:40:35.167358,24.311,True,False,True,False,EV_CREDIT_PRIORITY,off_peak_weekend_with_ev_credit,8.56,True,winter,True
2025-10-11T03:41:05.180315,24.310,True,False,True,False,EV_CREDIT_PRIORITY,off_peak_weekend_with_ev_credit,8.56,True,winter,True
2025-10-11T03:41:35.184729,24.316,True,False,True,False,EV_CREDIT_PRIORITY,off_peak_weekend_with_ev_credit,8.56,True,winter,True
2025-10-11T03:42:05.195986,24.319,True,False,True,False,EV_CREDIT_PRIORITY,off_peak_weekend_with_ev_credit,8.56,True,winter,True
2025-10-11T03:42:35.205613,24.319,True,False,True,False,EV_CREDIT_PRIORITY,off_peak_weekend_with_ev_credit,8.56,True,winter,True
2025-10-11T03:43:05.216150,24.329,True,False,True,False,EV_CREDIT_PRIORITY,off_peak_weekend_with_ev_credit,8.56,True,winter,True
2025-10-11T03:43:35.221228,24.338,True,False,True,False,EV_CREDIT_PRIORITY,off_peak_weekend_with_ev_credit,8.56,True,winter,True
2025-10-11T03:44:05.231850,24.333,True,False,True,False,EV_CREDIT_PRIORITY,off_peak_weekend_with_ev_credit,8.56,True,winter,True
2025-10-11T03:44:35.241713,24.332,True,False,True,False,EV_CREDIT_PRIORITY,off_peak_weekend_with_ev_credit,8.56,True,winter,True
2025-10-11T03:45:05.253265,24.344,True,False,True,False,EV_CREDIT_PRIORITY,off_peak_weekend_with_ev_credit,8.56,True,winter,True
2025-10-11T03:45:35.257961,24.338,True,False,True,False,EV_CREDIT_PRIORITY,off_peak_weekend_with_ev_credit,8.56,True,winter,True
2025-10-11T03:46:05.269301,24.341,True,False,True,False,EV_CREDIT_PRIORITY,off_peak_weekend_with_ev_credit,8.56,True,winter,True
2025-10-11T03:46:35.273598,24.339,True,False,True,False,EV_CREDIT_PRIORITY,off_peak_weekend_with_ev_credit,8.56,True,winter,True
2025-10-11T03:47:05.278697,24.346,True,False,True,False,EV_CREDIT_PRIORITY,off_peak_weekend_with_ev_credit,8.56,True,winter,True
2025-10-11T03:47:35.283068,24.349,True,False,True,False,EV_CREDIT_PRIORITY,off_peak_weekend_with_ev_credit,8.56,True,winter,True
2025-10-11T03:48:05.294932,24.357,True,False,True,False,EV_CREDIT_PRIORITY,off_peak_weekend_with_ev_credit,8.56,True,winter,True
2025-10-11T03:48:35.298347,24.357,True,False,True,False,EV_CREDIT_PRIORITY,off_peak_weekend_with_ev_credit,8.56,True,winter,True
2025-10-11T03:49:05.308053,24.364,True,False,True,False,EV_CREDIT_PRIORITY,off_peak_weekend_with_ev_credit,8.56,True,winter,True
2025-10-11T03:49:35.311627,24.361,True,False,True,False,EV_CREDIT_PRIORITY,off_peak_weekend_with_ev_credit,8.56,True,winter,True
2025-10-11T03:50:05.316742,24.361,True,False,True,False,EV_CREDIT_PRIORITY,off_peak_weekend_with_ev_credit,8.56,True,winter,True
2025-10-11T03:50:35.321400,24.373,True,False,True,False,EV_CREDIT_PRIORITY,off_peak_weekend_with_ev_credit,8.56,True,winter,True
2025-10-11T03:51:05.326364,24.366,True,False,True,False,EV_CREDIT_PRIORITY,off_peak_weekend_with_ev_credit,8.56,True,winter,True
2025-10-11T03:51:35.336213,24.374,True,False,True,False,EV_CREDIT_PRIORITY,off_peak_weekend_with_ev_credit,8.56,True,winter,True
2025-10-11T03:52:05.340768,24.379,True,False,True,False,EV_CREDIT_PRIORITY,off_peak_weekend_with_ev_credit,8.56,True,winter,True
2025-10-11T03:52:35.344619,24.383,True,False,True,False,EV_CREDIT_PRIORITY,off_peak_weekend_with_ev_credit,8.56,True,winter,True
2025-10-11T03:53:05.348091,24.386,True,False,True,False,EV_CREDIT_PRIORITY,off_peak_weekend_with_ev_credit,8.56,True,winter,True
2025-10-11T03:53:35.359257,24.384,True,False,True,False,EV_CREDIT_PRIORITY,off_peak_weekend_with_ev_credit,8.56,True,winter,True
2025-10-11T03:54:05.362716,24.392,True,False,True,False,EV_CREDIT_PRIORITY,off_peak_weekend_with_ev_credit,8.56,True,winter,True
2025-10-11T03:54:35.369890,24.389,True,False,True,False,EV_CREDIT_PRIORITY,off_peak_weekend_with_ev_credit,8.56,True,winter,True
2025-10-11T03:55:05.374151,24.397,True,False,True,False,EV_CREDIT_PRIORITY,off_peak_weekend_with_ev_credit,8.56,True,winter,True
2025-10-11T03:55:35.377913,24.393,True,False,True,False,EV_CREDIT_PRIORITY,off_peak_weekend_with_ev_credit,8.56,True,winter,True
2025-10-11T03:56:05.389994,24.395,True,False,True,False,EV_CREDIT_PRIORITY,off_peak_weekend_with_ev_credit,8.56,True,winter,True
2025-10-11T03:56:35.395861,24.410,True,False,True,False,EV_CREDIT_PRIORITY,off_peak_weekend_with_ev_credit,8.56,True,winter,True
2025-10-11T03:57:05.400898,24.400,True,False,True,False,EV_CREDIT_PRIORITY,off_peak_weekend_with_ev_credit,8.56,True,winter,True
2025-10-11T03:57:35.405616,24.410,True,False,True,False,EV_CREDIT_PRIORITY,off_peak_weekend_with_ev_credit,8.56,True,winter,True
2025-10-11T03:58:05.415208,24.416,True,False,True,False,EV_CREDIT_PRIORITY,off_peak_weekend_with_ev_credit,8.56,True,winter,True
2025-10-11T03:58:35.418644,24.411,True,False,True,False,EV_CREDIT_PRIORITY,off_peak_weekend_with_ev_credit,8.56,True,winter,True
2025-10-11T03:59:05.429918,24.420,True,False,True,False,EV_CREDIT_PRIORITY,off_peak_weekend_with_ev_credit,8.56,True,winter,True
2025-10-11T03:59:35.440992,24.419,True,False,True,False,EV_CREDIT_PRIORITY,off_peak_weekend_with_ev_credit,8.56,True,winter,True
2025-10-11T04:00:05.451872,24.419,True,False,True,False,EV_CREDIT_PRIORITY,off_peak_weekend_with_ev_credit,8.56,True,winter,True
2025-10-11T04:00:35.455551,24.422,True,False,True,False,EV_CREDIT_PRIORITY,off_peak_weekend_with_ev_credit,8.56,True,winter,True
2025-10-11T04:01:05.467070,24.427,True,False,True,False,EV_CREDIT_PRIORITY,off_peak_weekend_with_ev_credit,8.56,True,winter,True
2025-10-11T04:01:35.476736,24.429,True,False,True,False,EV_CREDIT_PRIORITY,off_peak_weekend_with_ev_credit,8.56,True,winter,True
2025-10-11T04:02:05.488276,24.428,True,False,True,False,EV_CREDIT_PRIORITY,off_peak_weekend_with_ev_credit,8.56,True,winter,True
2025-10-11T04:02:35.493562,24.434,True,False,True,False,EV_CREDIT_PRIORITY,off_peak_weekend_with_ev_credit,8.56,True,winter,True
2025-10-11T04:03:05.503960,24.433,True,False,True,False,EV_CREDIT_PRIORITY,off_peak_weekend_with_ev_credit,8.56,True,winter,True
2025-10-11T04:03:35.507504,24.440,True,False,True,False,EV_CREDIT_PRIORITY,off_peak_weekend_with_ev_credit,8.56,True,winter,True
2025-10-11T04:04:05.512606,24.445,True,False,True,False,EV_CREDIT_PRIORITY,off_peak_weekend_with_ev_credit,8.56,True,winter,True
2025-10-11T04:04:35.517613,24.449,True,False,True,False,EV_CREDIT_PRIORITY,off_peak_weekend_with_ev_credit,8.56,True,winter,True
2025-10-11T04:05:05.528955,24.450,True,False,True,False,EV_CREDIT_PRIORITY,off_peak_weekend_with_ev_credit,8.56,True,winter,True
2025-10-11T04:05:35.533224,24.450,True,False,True,False,EV_CREDIT_PRIORITY,off_peak_weekend_with_ev_credit,8.56,True,winter,True
2025-10-11T04:06:05.538502,24.454,True,False,True,False,EV_CREDIT_PRIORITY,off_peak_weekend_with_ev_credit,8.56,True,winter,True
2025-10-11T04:06:35.542003,24.457,True,False,True,False,EV_CREDIT_PRIORITY,off_peak_weekend_with_ev_credit,8.56,True,winter,True
2025-10-11T04:07:05.546196,24.458,True,False,True,False,EV_CREDIT_PRIORITY,off_peak_weekend_with_ev_credit,8.56,True,winter,True
2025-10-11T04:07:35.555993,24.469,True,False,True,False,EV_CREDIT_PRIORITY,off_peak_weekend_with_ev_credit,8.56,True,winter,True
2025-10-11T04:08:05.559526,24.463,True,False,True,False,EV_CREDIT_PRIORITY,off_peak_weekend_with_ev_credit,8.56,True,winter,True
2025-10-11T04:08:35.563302,24.471,True,False,True,False,EV_CREDIT_PRIORITY,off_peak_weekend_with_ev_credit,8.56,True,winter,True
2025-10-11T04:09:05.568414,24.478,True,False,True,False,EV_CREDIT_PRIORITY,off_peak_weekend_with_ev_credit,8.56,True,winter,True
2025-10-11T04:09:35.579603,24.475,True,False,True,False,EV_CREDIT_PRIORITY,off_peak_weekend_with_ev_credit,8.56,True,winter,True
2025-10-11T04:10:05.583099,24.477,True,False,True,False,EV_CREDIT_PRIORITY,off_peak_weekend_with_ev_credit,8.56,True,winter,True
2025-10-11T04:10:35.594273,24.479,True,False,True,False,EV_CREDIT_PRIORITY,off_peak_weekend_with_ev_credit,8.56,True,winter,True
2025-10-11T04:11:05.604748,24.488,True,False,True,False,EV_CREDIT_PRIORITY,off_peak_weekend_with_ev_credit,8.56,True,winter,True
2025-10-11T04:11:35.615556,24.494,True,False,True,False,EV_CREDIT_PRIORITY,off_peak_weekend_with_ev_credit,8.56,True,winter,True
2025-10-11T04:12:05.619048,24.486,True,False,True,False,EV_CREDIT_PRIORITY,off_peak_weekend_with_ev_credit,8.56,True,winter,True
2025-10-11T04:12:35.630213,24.489,True,False,True,False,EV_CREDIT_PRIORITY,off_peak_weekend_with_ev_credit,8.56,True,winter,True
2025-10-11T04:13:05.640422,24.495,True,False,True,False,EV_CREDIT_PRIORITY,off_peak_weekend_with_ev_credit,8.56,True,winter,True
2025-10-11T04:13:35.652405,24.501,False,False,True,False,SAFETY_HIGH_VOLTAGE,off_peak_weekend_with_ev_credit,8.56,True,winter,True
2025-10-11T04:14:05.658511,24.183,True,False,True,False,EV_CREDIT_PRIORITY,off_peak_weekend_with_ev_credit,8.56,True,winter,True
2025-10-11T04:14:35.668321,24.475,True,False,True,False,EV_CREDIT_PRIORITY,off_peak_weekend_with_ev_credit,8.56,True,winter,True
2025-10-11T04:15:05.673351,24.491,True,False,True,False,EV_CREDIT_PRIORITY,off_peak_weekend_with_ev_credit,8.56,True,winter,True
2025-10-11T04:15:35.679227,24.505,False,False,True,False,SAFETY_HIGH_VOLTAGE,off_peak_weekend_with_ev_credit,8.56,True,winter,True
2025-10-11T04:16:05.686415,24.180,True,False,True,False,EV_CREDIT_PRIORITY,off_peak_weekend_with_ev_credit,8.56,True,winter,True
2025-10-11T04:16:35.696138,24.474,True,False,True,False,EV_CREDIT_PRIORITY,off_peak_weekend_with_ev_credit,8.56,True,winter,True
2025-10-11T04:17:05.699672,24.489,True,False,True,False,EV_CREDIT_PRIORITY,off_peak_weekend_with_ev_credit,8.56,True,winter,True
2025-10-11T04:17:35.704754,24.497,True,False,True,False,EV_CREDIT_PRIORITY,off_peak_weekend_with_ev_credit,8.56,True,winter,True
2025-10-11T04:18:05.711219,24.503,False,False,True,False,SAFETY_HIGH_VOLTAGE,off_peak_weekend_with_ev_credit,8.56,True,winter,True
2025-10-11T04:18:35.723142,24.185,True,False,True,False,EV_CREDIT_PRIORITY,off_peak_weekend_with_ev_credit,8.56,True,winter,True
2025-10-11T04:19:05.726426,24.481,True,False,True,False,EV_CREDIT_PRIORITY,off_peak_weekend_with_ev_credit,8.56,True,winter,True
2025-10-11T04:19:35.736824,24.503,False,False,True,False,SAFETY_HIGH_VOLTAGE,off_peak_weekend_with_ev_credit,8.56,True,winter,True
2025-10-11T04:20:05.747106,24.182,True,False,True,False,EV_CREDIT_PRIORITY,off_peak_weekend_with_ev_credit,8.56,True,winter,True
2025-10-11T04:20:35.756736,24.490,True,False,True,False,EV_CREDIT_PRIORITY,off_peak_weekend_with_ev_credit,8.56,True,winter,True
2025-10-11T04:21:05.761982,24.501,False,False,True,False,SAFETY_HIGH_VOLTAGE,off_peak_weekend_with_ev_credit,8.56,True,winter,True
2025-10-11T04:21:35.772192,24.185,True,False,True,False,EV_CREDIT_PRIORITY,off_peak_weekend_with_ev_credit,8.56,True,winter,True
2025-10-11T04:22:05.781899,24.489,True,False,True,False,EV_CREDIT_PRIORITY,off_peak_weekend_with_ev_credit,8.56,True,winter,True
2025-10-11T04:22:35.792633,24.500,False,False,True,False,SAFETY_HIGH_VOLTAGE,off_peak_weekend_with_ev_credit,8.56,True,winter,True
2025-10-11T04:23:05.802923,24.189,True,False,True,False,EV_CREDIT_PRIORITY,off_peak_weekend_with_ev_credit,8.56,True,winter,True
2025-10-11T04:23:35.806258,24.494,True,False,True,False,EV_CREDIT_PRIORITY,off_peak_weekend_with_ev_credit,8.56,True,winter,True
2025-10-11T04:24:05.816738,24.506,False,False,True,False,SAFETY_HIGH_VOLTAGE,off_peak_weekend_with_ev_credit,8.56,True,winter,True
2025-10-11T04:24:35.827501,24.193,True,False,True,False,EV_CREDIT_PRIORITY,off_peak_weekend_with_ev_credit,8.56,True,winter,True
2025-10-11T04:25:05.837005,24.488,True,False,True,False,EV_CREDIT_PRIORITY,off_peak_weekend_with_ev_credit,8.56,True,winter,True
2025-10-11T04:25:35.843203,24.508,False,False,True,False,SAFETY_HIGH_VOLTAGE,off_peak_weekend_with_ev_credit,8.56,True,winter,True
2025-10-11T04:26:05.854955,24.194,True,False,True,False,EV_CREDIT_PRIORITY,off_peak_weekend_with_ev_credit,8.56,True,winter,True
2025-10-11T07:36:12.884714,23.700,False,False,True,False,VOLTAGE_HEALTHY_WAIT_FOR_EV_CREDIT,off_peak_weekend,10.06,False,winter,True
2025-10-11T07:36:14.883350,23.690,False,False,True,False,VOLTAGE_HEALTHY_WAIT_FOR_EV_CREDIT,off_peak_weekend,10.06,False,winter,True
2025-10-11T07:36:44.892691,23.759,False,False,True,False,VOLTAGE_HEALTHY_WAIT_FOR_EV_CREDIT,off_peak_weekend,10.06,False,winter,True
2025-10-11T07:37:14.902530,23.751,False,False,True,False,VOLTAGE_HEALTHY_WAIT_FOR_EV_CREDIT,off_peak_weekend,10.06,False,winter,True
2025-10-11T07:37:44.912135,23.737,False,False,True,False,VOLTAGE_HEALTHY_WAIT_FOR_EV_CREDIT,off_peak_weekend,10.06,False,winter,True
2025-10-11T07:38:14.915643,23.680,False,False,True,False,VOLTAGE_HEALTHY_WAIT_FOR_EV_CREDIT,off_peak_weekend,10.06,False,winter,True
2025-10-11T07:38:44.925206,23.677,False,False,True,False,VOLTAGE_HEALTHY_WAIT_FOR_EV_CREDIT,off_peak_weekend,10.06,False,winter,True
2025-10-11T07:39:14.934902,23.672,False,False,True,False,VOLTAGE_HEALTHY_WAIT_FOR_EV_CREDIT,off_peak_weekend,10.06,False,winter,True
2025-10-11T07:39:44.944717,23.657,False,False,True,False,VOLTAGE_HEALTHY_WAIT_FOR_EV_CREDIT,off_peak_weekend,10.06,False,winter,True
2025-10-11T07:40:14.949407,23.669,False,False,True,False,VOLTAGE_HEALTHY_WAIT_FOR_EV_CREDIT,off_peak_weekend,10.06,False,winter,True
2025-10-11T07:40:44.959011,23.661,False,False,True,False,VOLTAGE_HEALTHY_WAIT_FOR_EV_CREDIT,off_peak_weekend,10.06,False,winter,True
2025-10-11T07:41:14.962388,23.688,False,False,True,False,VOLTAGE_HEALTHY_WAIT_FOR_EV_CREDIT,off_peak_weekend,10.06,False,winter,True
2025-10-11T07:41:44.966574,23.656,False,False,True,False,VOLTAGE_HEALTHY_WAIT_FOR_EV_CREDIT,off_peak_weekend,10.06,False,winter,True
2025-10-11T07:42:14.970038,23.704,False,False,True,False,VOLTAGE_HEALTHY_WAIT_FOR_EV_CREDIT,off_peak_weekend,10.06,False,winter,True
2025-10-11T07:42:44.981680,23.703,False,False,True,False,VOLTAGE_HEALTHY_WAIT_FOR_EV_CREDIT,off_peak_weekend,10.06,False,winter,True
2025-10-11T07:43:14.985441,23.696,False,False,True,False,VOLTAGE_HEALTHY_WAIT_FOR_EV_CREDIT,off_peak_weekend,10.06,False,winter,True
2025-10-11T07:43:44.989447,23.633,False,False,True,False,VOLTAGE_HEALTHY_WAIT_FOR_EV_CREDIT,off_peak_weekend,10.06,False,winter,True
2025-10-11T07:44:14.993454,23.631,False,False,True,False,VOLTAGE_HEALTHY_WAIT_FOR_EV_CREDIT,off_peak_weekend,10.06,False,winter,True
2025-10-11T07:44:44.997559,23.617,False,False,True,False,VOLTAGE_HEALTHY_WAIT_FOR_EV_CREDIT,off_peak_weekend,10.06,False,winter,True
2025-10-11T07:45:15.007954,23.615,False,False,True,False,VOLTAGE_HEALTHY_WAIT_FOR_EV_CREDIT,off_peak_weekend,10.06,False,winter,True
2025-10-11T07:45:45.011793,23.620,False,False,True,False,VOLTAGE_HEALTHY_WAIT_FOR_EV_CREDIT,off_peak_weekend,10.06,False,winter,True
2025-10-11T07:46:15.015781,23.614,False,False,True,False,VOLTAGE_HEALTHY_WAIT_FOR_EV_CREDIT,off_peak_weekend,10.06,False,winter,True
2025-10-11T07:46:45.022123,23.664,False,False,True,False,VOLTAGE_HEALTHY_WAIT_FOR_EV_CREDIT,off_peak_weekend,10.06,False,winter,True
2025-10-11T07:47:15.031884,23.651,False,False,True,False,VOLTAGE_HEALTHY_WAIT_FOR_EV_CREDIT,off_peak_weekend,10.06,False,winter,True
2025-10-11T07:47:45.035292,23.652,False,False,True,False,VOLTAGE_HEALTHY_WAIT_FOR_EV_CREDIT,off_peak_weekend,10.06,False,winter,True
2025-10-11T07:48:15.042285,23.629,False,False,True,False,VOLTAGE_HEALTHY_WAIT_FOR_EV_CREDIT,off_peak_weekend,10.06,False,winter,True
2025-10-11T07:48:45.051979,23.643,False,False,True,False,VOLTAGE_HEALTHY_WAIT_FOR_EV_CREDIT,off_peak_weekend,10.06,False,winter,True
2025-10-11T07:49:15.061767,23.646,False,False,True,False,VOLTAGE_HEALTHY_WAIT_FOR_EV_CREDIT,off_peak_weekend,10.06,False,winter,True
2025-10-11T07:49:45.066917,23.590,False,False,True,False,VOLTAGE_HEALTHY_WAIT_FOR_EV_CREDIT,off_peak_weekend,10.06,False,winter,True
2025-10-11T07:50:15.078108,23.580,False,False,True,False,VOLTAGE_HEALTHY_WAIT_FOR_EV_CREDIT,off_peak_weekend,10.06,False,winter,True
2025-10-11T07:50:45.088419,23.575,False,False,True,False,VOLTAGE_HEALTHY_WAIT_FOR_EV_CREDIT,off_peak_weekend,10.06,False,winter,True
2025-10-11T07:51:15.099581,23.570,False,False,True,False,VOLTAGE_HEALTHY_WAIT_FOR_EV_CREDIT,off_peak_weekend,10.06,False,winter,True
2025-10-11T07:51:45.109816,23.554,False,False,True,False,VOLTAGE_HEALTHY_WAIT_FOR_EV_CREDIT,off_peak_weekend,10.06,False,winter,True
2025-10-11T07:52:15.112380,23.561,False,False,True,False,VOLTAGE_HEALTHY_WAIT_FOR_EV_CREDIT,off_peak_weekend,10.06,False,winter,True
2025-10-11T07:52:45.121649,23.611,False,False,True,False,VOLTAGE_HEALTHY_WAIT_FOR_EV_CREDIT,off_peak_weekend,10.06,False,winter,True
2025-10-11T07:53:15.132826,23.610,False,False,True,False,VOLTAGE_HEALTHY_WAIT_FOR_EV_CREDIT,off_peak_weekend,10.06,False,winter,True
2025-10-11T07:53:45.143576,23.559,False,False,True,False,VOLTAGE_HEALTHY_WAIT_FOR_EV_CREDIT,off_peak_weekend,10.06,False,winter,True
2025-10-11T07:54:15.146988,23.598,False,False,True,False,VOLTAGE_HEALTHY_WAIT_FOR_EV_CREDIT,off_peak_weekend,10.06,False,winter,True
2025-10-11T07:54:45.158305,23.602,False,False,True,False,VOLTAGE_HEALTHY_WAIT_FOR_EV_CREDIT,off_peak_weekend,10.06,False,winter,True
2025-10-11T07:55:15.171073,23.599,False,False,True,False,VOLTAGE_HEALTHY_WAIT_FOR_EV_CREDIT,off_peak_weekend,10.06,False,winter,True
2025-10-11T07:55:55.641124,23.535,False,False,True,False,VOLTAGE_HEALTHY_WAIT_FOR_EV_CREDIT,off_peak_weekend,12.48,False,winter,True
2025-10-11T07:56:25.650510,23.588,False,False,True,False,VOLTAGE_HEALTHY_WAIT_FOR_EV_CREDIT,off_peak_weekend,12.48,False,winter,True
2025-10-11T07:56:55.660634,23.526,False,False,True,False,VOLTAGE_HEALTHY_WAIT_FOR_EV_CREDIT,off_peak_weekend,12.48,False,winter,True
2025-10-11T07:57:25.670115,23.517,False,False,True,False,VOLTAGE_HEALTHY_WAIT_FOR_EV_CREDIT,off_peak_weekend,12.48,False,winter,True
2025-10-11T07:57:55.673531,23.514,False,False,True,False,VOLTAGE_HEALTHY_WAIT_FOR_EV_CREDIT,off_peak_weekend,12.48,False,winter,True
2025-10-11T07:58:25.683095,23.520,False,False,True,False,VOLTAGE_HEALTHY_WAIT_FOR_EV_CREDIT,off_peak_weekend,12.48,False,winter,True
2025-10-11T07:58:55.692630,23.521,False,False,True,False,VOLTAGE_HEALTHY_WAIT_FOR_EV_CREDIT,off_peak_weekend,12.48,False,winter,True
2025-10-11T07:59:25.703691,23.502,False,False,True,False,VOLTAGE_HEALTHY_WAIT_FOR_EV_CREDIT,off_peak_weekend,12.48,False,winter,True
2025-10-11T07:59:55.709132,23.496,False,False,True,False,VOLTAGE_HEALTHY_WAIT_FOR_EV_CREDIT,off_peak_weekend,12.48,False,winter,True
2025-10-11T08:00:25.720789,23.587,True,True,True,False,SOLAR_ACTIVE,off_peak_weekend,12.48,False,winter,True
2025-10-11T10:38:58.380639,22.926,True,False,True,False,PREFERRED_HOURS,off_peak_weekend,12.48,False,winter,True
2025-10-11T10:39:28.390192,22.922,True,False,True,False,PREFERRED_HOURS,off_peak_weekend,12.48,False,winter,True
2025-10-11T10:39:58.400517,22.929,True,False,True,False,PREFERRED_HOURS,off_peak_weekend,12.48,False,winter,True
2025-10-11T10:40:28.411780,22.927,True,False,True,False,PREFERRED_HOURS,off_peak_weekend,12.48,False,winter,True
2025-10-11T10:40:58.415854,23.223,True,True,True,False,SOLAR_ACTIVE,off_peak_weekend,12.48,False,winter,True
2025-10-11T10:41:28.425389,23.245,True,True,True,False,SOLAR_ACTIVE,off_peak_weekend,12.48,False,winter,True
2025-10-11T10:41:58.435452,23.263,True,True,True,False,SOLAR_ACTIVE,off_peak_weekend,12.48,False,winter,True
2025-10-11T10:42:07.032873,23.267,False,False,True,False,VOLTAGE_HEALTHY_WAIT_FOR_EV_CREDIT,off_peak_weekend,12.48,False,winter,True
2025-10-11T10:42:37.045187,22.992,True,False,True,False,PREFERRED_HOURS,off_peak_weekend,12.48,False,winter,True
2025-10-11T10:43:07.609561,22.979,True,False,True,False,PREFERRED_HOURS,off_peak_weekend,12.48,False,winter,True
2025-10-11T10:43:37.619120,22.977,True,False,True,False,PREFERRED_HOURS,off_peak_weekend,12.48,False,winter,True
2025-10-11T10:44:07.635522,22.975,True,True,True,False,SOLAR_ACTIVE,off_peak_weekend,12.48,False,winter,True
2025-10-11T10:44:37.645108,22.971,True,True,True,False,SOLAR_ACTIVE,off_peak_weekend,12.48,False,winter,True
